id_permiso,id_instalacion,patente_barco,nombre_barco,pais,fecha_atraque,descripcion_actividad,fecha_salida
1,140,DK4889,Bristol,Portugal,2018-04-20 06:06:35,,2018-04-27 23:05:22
2,65,QI7769,Albanaise,Japon,2013-02-27 18:30:10,se debe cargar petroleo,
3,155,RJ2733,Almirante Devries,Estados Unidos,2020-01-30 22:55:13,se debe descargar petroleo,
4,179,NN8091,Broaderschap,Jamaica,2015-05-06 12:46:36,,2015-05-10 11:47:27
5,78,PV7666,Boulogne,Austria,2019-05-20 15:02:21,se debe descargar petroleo,
6,51,NT2280,Premio Dreadnought,Colombia,2011-08-17 07:29:06,,2011-08-31 22:37:39
7,73,UH1378,Albian,Sudafrica,2021-06-08 21:31:23,se debe descargar petroleo,
8,83,UJ2611,Bouclier,Islas Malvinas,2017-12-24 07:51:47,,2018-01-04 02:06:45
9,172,XG7925,Albemarle,Filipinas,2013-04-29 06:37:44,descarga de cointainers,
10,73,FM3163,Albany,Finlandia,2018-08-11 07:41:45,descaraga de pescados,
11,76,AI9121,Bowen,Jamaica,2019-06-29 02:45:33,,2019-07-04 19:21:17
12,30,TG8958,Bergantin,España,2018-02-28 07:06:16,,2018-03-14 04:02:30
13,29,ZP4420,magnolia,Chile,2020-10-27 20:37:49,,2020-10-28 11:03:15
14,205,OI4579,Gulnare,Egipto,2020-12-09 17:02:32,descarga de cointainers,
15,116,NX3376,Albatros,Egipto,2017-06-17 12:12:29,,2017-06-22 03:02:33
16,16,GS9404,Bramham,Filipinas,2012-04-04 09:16:24,carga de cointainers,
17,43,IX1197,Boxer,Italia,2021-07-22 07:14:50,,2021-07-23 06:38:09
18,126,GS9663,broadwater,Polonia,2021-01-15 03:33:43,,2021-01-15 20:51:43
19,113,IX1197,Boxer,Italia,2020-11-25 00:28:10,,2020-11-25 15:33:55
20,5,KM2551,Adepto,Republica Dominicana,2019-03-22 09:04:08,se debe cargar petroleo,
21,109,SV9482,Bleasdale,Panama,2020-09-17 02:48:54,,2020-09-27 19:13:59
22,69,RO9221,Descarado,Cuba,2020-04-11 20:34:46,,2020-04-18 14:55:23
23,94,RP8314,brantford,Ecuador,2020-09-11 13:15:38,,2020-09-22 07:26:05
24,205,HI3831,Brevdrageren,Belgica,2017-12-12 00:17:28,carga de cointainers,
25,25,MY3367,Zarza,Portugal,2011-08-22 23:52:28,,2011-09-01 20:14:47
26,15,WW2485,Acanto,Portugal,2017-08-09 02:19:41,,2017-08-14 23:05:05
27,163,XP9141,Adan y Eva,Jamaica,2019-05-26 15:25:22,descaraga de pescados,
28,151,VT2032,Asesor,Austria,2020-12-01 01:35:11,descaraga de pescados,
29,122,QJ1463,dubbo,Tailandia,2020-07-27 09:06:46,,2020-08-05 06:47:53
30,55,OF5460,Boscawen,Chile,2011-12-10 04:14:38,descarga de cointainers,
31,159,OT5458,Aconito,Mexico,2021-05-11 07:46:01,,2021-05-21 02:54:41
32,79,UZ5981,Brissenden,Cuba,2019-10-23 18:39:01,,2019-11-02 09:44:20
33,113,PJ3020,bowmanville,Japon,2019-03-04 01:49:48,,2019-03-18 16:50:34
34,5,KC2936,Agua Negra,Noruega,2018-09-27 03:47:38,se debe cargar petroleo,
35,118,RK2324,Africa,Republica Dominicana,2010-06-14 12:17:28,se debe cargar petroleo,
36,190,XK7318,Acacia,Argentina,2013-08-25 09:17:15,descaraga de pescados,
37,98,MU6547,Eneas,Sudafrica,2012-06-09 03:12:41,descarga de cointainers,
38,70,XP9141,Adan y Eva,Jamaica,2014-08-06 13:46:49,,2014-08-20 11:11:52
39,33,RA3983,Bonito,Finlandia,2011-06-04 05:02:34,,2011-06-15 00:10:17
40,120,NN2774,Drochterland,Tailandia,2017-01-24 07:16:18,carga de cointainers,
41,12,PJ3020,bowmanville,Japon,2016-04-14 22:11:07,se debe cargar petroleo,
42,188,UZ5981,Brissenden,Cuba,2021-07-28 00:31:39,se debe descargar petroleo,
43,190,HB4367,Breda,Egipto,2019-03-29 03:34:06,se debe cargar petroleo,
44,214,YC1851,Bonne Ciudadana,Austria,2020-10-17 04:13:53,,2020-10-17 21:39:29
45,199,TJ7818,Blankney,Portugal,2016-06-30 04:02:02,se debe descargar petroleo,
46,84,CI3218,Agamenon,Siria,2021-02-15 14:59:49,se debe cargar petroleo,
47,178,RO9221,Descarado,Cuba,2016-04-21 08:32:12,se debe descargar petroleo,
48,142,QL4591,albacora,Siria,2021-05-06 16:28:39,carga de cointainers,
49,124,FS3778,Acteon,Indonesia,2015-12-18 02:20:55,carga de cointainers,
50,163,LI5894,Driada,Singapur,2012-07-26 01:54:43,descaraga de pescados,
51,12,RP8314,brantford,Ecuador,2021-01-02 07:56:35,descarga de cointainers,
52,189,DG5218,Drury,Filipinas,2020-10-30 00:12:52,,2020-10-30 22:23:51
53,38,VW7522,acteon,Australia,2012-09-25 23:55:54,,2012-10-02 14:09:47
54,60,AM9504,Chaqueta de sport,Paraguay,2020-09-01 18:29:23,,2020-09-11 11:02:39
55,199,PZ1913,Conductor,Nueva Zelanda,2015-05-12 07:19:14,descarga de cointainers,
56,194,UL8619,blencathra,India,2014-12-21 22:21:23,descaraga de pescados,
57,24,VH2584,Boreas,Ecuador,2015-09-16 11:19:53,descarga de cointainers,
58,151,UJ2611,Bouclier,Islas Malvinas,2021-07-16 11:32:07,descaraga de pescados,
59,127,TQ5114,Gurkha,Finlandia,2019-09-05 03:05:51,descarga de cointainers,
60,5,AU5998,Abigail,Irlanda,2021-08-15 00:12:46,descaraga de pescados,
61,156,PJ8392,Buenaventura,Republica Dominicana,2013-08-26 22:46:16,descaraga de pescados,
62,91,QJ6353,Alamein,Peru,2019-01-31 10:28:50,,2019-02-09 09:54:03
63,50,DT6703,Britania,Finlandia,2012-02-18 08:38:35,,2012-02-29 03:03:56
64,212,II3534,bodenham,Noruega,2015-01-11 15:16:01,descaraga de pescados,
65,27,GC3280,Acorazado,Islas Malvinas,2017-09-27 05:08:30,descaraga de pescados,
66,5,DQ3759,Branlebas,India,2020-12-16 02:56:08,carga de cointainers,
67,116,FO3430,brearley,India,2021-01-13 17:40:56,,2021-01-14 12:39:51
68,49,AU5998,Abigail,Irlanda,2021-04-01 00:09:50,,2021-04-01 20:48:52
69,54,HE7029,Adonis,India,2010-08-07 14:45:10,se debe cargar petroleo,
70,95,HE2921,Brigadier,Dinamarca,2013-09-21 01:34:37,descarga de cointainers,
71,90,GT9752,Albrighton,España,2021-01-22 01:39:53,se debe descargar petroleo,
72,104,MO4968,Adversario,España,2021-06-19 05:17:54,,2021-06-20 03:58:24
73,27,UZ5981,Brissenden,Cuba,2021-05-23 12:26:50,se debe cargar petroleo,
74,11,MW6341,Albert,Tailandia,2012-11-17 07:07:15,se debe cargar petroleo,
75,102,TR8211,Brema,Australia,2017-10-15 06:29:50,se debe cargar petroleo,
76,51,FS3778,Acteon,Indonesia,2019-03-16 21:55:49,,2019-03-28 20:58:50
77,9,ON7101,Abundante,Argentina,2017-01-25 03:34:12,,2017-02-03 18:22:26
78,154,II3534,bodenham,Noruega,2014-12-30 21:51:45,descaraga de pescados,
79,83,DV6261,Bridgewater,Belgica,2019-07-31 22:56:09,,2019-08-11 15:39:42
80,63,PZ3477,Afridi,Nicaragua,2010-09-22 06:16:17,,2010-09-30 22:59:32
81,105,DA9671,Botha,Suiza,2021-02-04 12:12:33,,2021-02-05 11:25:59
82,85,KQ3854,Bravucon,Nicaragua,2013-12-13 17:00:07,descaraga de pescados,
83,177,PJ5481,Abelia,Argentina,2014-07-05 02:56:31,carga de cointainers,
84,94,RV9799,Blanche,Dinamarca,2016-04-21 05:46:57,,2016-04-28 00:04:22
85,24,OM4230,Blyth,Paraguay,2016-10-09 23:34:24,se debe descargar petroleo,
86,205,XL6992,Bootle,Costa Rica,2017-03-04 04:19:10,descarga de cointainers,
87,101,HK6767,Bridport,Sudafrica,2010-03-19 23:07:33,,2010-03-26 22:25:32
88,78,XB6912,Dovey,Argentina,2011-07-18 13:18:04,carga de cointainers,
89,186,EE2109,Premio dragon,Nueva Zelanda,2020-12-05 22:40:37,carga de cointainers,
90,194,LW4637,Alarico,Brasil,2012-05-30 15:32:39,carga de cointainers,
91,198,DA9671,Botha,Suiza,2019-03-21 01:36:28,descaraga de pescados,
92,144,SM2508,Castillo bramber,Colombia,2011-07-26 01:14:18,descarga de cointainers,
93,58,HK6767,Bridport,Sudafrica,2019-10-17 15:54:18,,2019-10-26 12:41:41
94,169,VP2429,Premio aventura,Australia,2021-09-06 04:02:26,,2021-09-20 18:08:36
95,84,PZ1913,Conductor,Nueva Zelanda,2010-11-06 16:28:52,descarga de cointainers,
96,214,FE1567,drummondville,Panama,2016-12-25 05:03:19,,2017-01-09 03:15:19
97,30,OH1392,Broadway,Jamaica,2020-11-12 17:07:56,,2020-11-13 09:40:38
98,59,LX6914,Abercrombie,Qatar,2014-08-30 06:37:19,se debe descargar petroleo,
99,163,ON7101,Abundante,Argentina,2012-09-04 22:48:17,descarga de cointainers,
100,48,UJ2611,Bouclier,Islas Malvinas,2013-07-26 06:45:21,,2013-08-05 04:55:56
101,102,LI5894,Driada,Singapur,2021-05-24 12:49:41,descaraga de pescados,
102,61,FU8868,Alberta,Panama,2012-12-08 00:07:00,descaraga de pescados,
103,212,WW2485,Acanto,Portugal,2014-03-21 04:58:39,se debe descargar petroleo,
104,90,DY6365,Dubford,Irlanda,2016-07-15 14:28:05,carga de cointainers,
105,51,RW4421,Downley,Suiza,2017-02-14 21:56:27,,2017-02-26 19:31:51
106,22,ID7819,As,Panama,2021-04-04 03:18:17,descaraga de pescados,
107,83,VG7905,Brakel,Tailandia,2017-05-19 23:17:39,,2017-06-01 19:31:24
108,121,AU5998,Abigail,Irlanda,2020-08-07 04:30:03,descaraga de pescados,
109,11,HI3831,Brevdrageren,Belgica,2017-07-27 19:51:48,descarga de cointainers,
110,40,AL8743,Adelaide,Filipinas,2021-06-06 17:52:09,se debe cargar petroleo,
111,155,SL2391,Alarma,Sudafrica,2012-06-27 21:55:54,se debe cargar petroleo,
112,124,BY5212,aboukir,Colombia,2021-09-02 15:02:20,se debe descargar petroleo,
113,170,CG7403,Castillo bodiam,Japon,2014-06-28 20:35:40,descaraga de pescados,
114,10,ED5736,guysborough,Chile,2019-02-19 02:14:08,,2019-03-03 01:19:42
115,118,RV9799,Blanche,Dinamarca,2021-01-03 19:07:54,se debe cargar petroleo,
116,170,BB5259,Flor,Brasil,2012-03-23 16:16:53,descaraga de pescados,
117,215,OC4762,Actividad,Finlandia,2021-06-17 22:08:12,descaraga de pescados,
118,6,ZV9679,Blean,Australia,2017-02-09 21:50:19,,2017-02-24 21:46:47
119,205,HV2199,acasta,Mexico,2013-03-25 23:52:46,descarga de cointainers,
120,121,WW2485,Acanto,Portugal,2021-02-20 12:14:48,se debe descargar petroleo,
121,43,ZV8179,brockville,Indonesia,2016-07-16 00:43:30,,2016-07-22 20:19:47
122,73,NL7862,Bottisham,Nueva Zelanda,2018-11-02 08:15:23,descaraga de pescados,
123,151,OB9598,Albuera,Vietnam,2013-01-12 10:08:13,se debe cargar petroleo,
124,194,HI3831,Brevdrageren,Belgica,2018-01-09 09:07:53,carga de cointainers,
125,94,RH8308,Agrega un,Dinamarca,2021-01-09 04:49:05,,2021-01-15 04:23:52
126,23,EI5834,Bourdelais,Polonia,2019-11-25 23:29:58,se debe descargar petroleo,
127,191,NX3376,Albatros,Egipto,2020-12-08 06:17:17,,2020-12-09 05:22:08
128,91,PR9667,Bendicion,Noruega,2021-05-01 02:45:37,,2021-05-13 19:34:14
129,194,YN4644,Bellota,Islas Malvinas,2021-07-28 01:06:27,descaraga de pescados,
130,39,YP3858,Sumador,Nicaragua,2012-11-04 10:40:41,descaraga de pescados,
131,134,DY6365,Dubford,Irlanda,2021-07-03 18:49:48,,2021-07-04 18:01:32
132,150,VW7522,acteon,Australia,2015-09-21 08:29:50,descaraga de pescados,
133,20,EE2109,Premio dragon,Nueva Zelanda,2013-08-12 00:41:31,carga de cointainers,
134,162,KY2131,alberni,Paraguay,2020-10-16 09:14:59,descarga de cointainers,
135,185,PA1651,Bumerang,Islas Malvinas,2011-07-03 03:35:09,descaraga de pescados,
136,187,FI2331,Bolton Castle,Austria,2021-01-11 15:52:07,,2021-01-12 06:15:54
137,90,OM4230,Blyth,Paraguay,2011-08-28 05:25:04,se debe cargar petroleo,
138,83,FS3778,Acteon,Indonesia,2011-11-21 03:04:28,,2011-11-27 02:57:04
139,34,IX1197,Boxer,Italia,2021-04-07 10:04:16,,2021-04-22 02:50:58
140,51,EI5702,Admirable,Italia,2015-05-20 15:15:45,,2015-05-27 11:14:41
141,162,MO4968,Adversario,España,2018-12-22 18:00:59,descaraga de pescados,
142,188,GF5994,Alcantara,España,2019-01-05 19:11:37,se debe descargar petroleo,
143,120,BZ3311,Floracion,Noruega,2020-07-10 20:56:26,descarga de cointainers,
144,134,HF4402,Brillante,Austria,2015-04-12 01:49:38,,2015-04-24 18:12:55
145,135,OA5815,Brinton,Islas Malvinas,2015-08-22 18:46:19,,2015-08-27 10:56:41
146,64,WF7217,achates,Islas Malvinas,2021-04-05 12:45:43,descarga de cointainers,
147,78,TS8958,Castillo bridgnorth,Indonesia,2010-11-08 16:33:42,descaraga de pescados,
148,38,AI9121,Bowen,Jamaica,2012-01-13 07:29:40,,2012-01-24 07:24:51
149,167,RO9221,Descarado,Cuba,2017-06-13 13:12:45,,2017-06-17 10:01:53
150,164,EH9187,Aberdeen,Qatar,2021-08-31 15:11:51,,2021-09-01 12:10:36
151,148,NT2280,Premio Dreadnought,Colombia,2021-01-21 15:59:22,se debe cargar petroleo,
152,113,SL2391,Alarma,Sudafrica,2018-01-24 22:50:57,,2018-02-08 18:10:36
153,3,RP8314,brantford,Ecuador,2021-08-07 07:28:27,descarga de cointainers,
154,204,XH5466,Frontera,Australia,2021-06-29 12:15:27,descarga de cointainers,
155,22,VR7517,albury,Islas Malvinas,2021-03-19 17:04:57,se debe descargar petroleo,
156,147,VI4743,Calypso,Canada,2013-07-29 17:08:33,descaraga de pescados,
157,148,CG7403,Castillo bodiam,Japon,2018-07-08 22:02:32,descaraga de pescados,
158,23,TS8958,Castillo bridgnorth,Indonesia,2021-06-24 13:09:23,descaraga de pescados,
159,177,AU5998,Abigail,Irlanda,2020-03-10 11:36:11,descaraga de pescados,
160,119,EV7485,Bravo,Qatar,2021-06-13 13:10:02,se debe cargar petroleo,
161,89,LV7419,Bronington,Qatar,2013-02-02 03:29:01,se debe descargar petroleo,
162,153,SV9482,Bleasdale,Panama,2016-05-27 19:07:36,descaraga de pescados,
163,146,QL4591,albacora,Siria,2020-09-24 10:14:01,,2020-09-28 10:08:02
164,22,OJ8771,Activo,España,2020-11-25 00:18:10,se debe descargar petroleo,
165,109,LA5643,abergavenny,Siria,2021-06-10 07:00:54,,2021-06-11 03:28:19
166,20,FO3430,brearley,India,2014-07-27 12:41:09,descaraga de pescados,
167,151,HW2014,Sabueso,Colombia,2011-06-29 08:38:14,descaraga de pescados,
168,123,EV7485,Bravo,Qatar,2020-11-07 06:33:19,se debe cargar petroleo,
169,44,XP9141,Adan y Eva,Jamaica,2020-09-21 07:31:18,,2020-09-21 21:52:03
170,42,CE1914,downham,Corea,2020-11-04 12:02:39,se debe descargar petroleo,
171,17,EV7485,Bravo,Qatar,2017-03-21 21:44:15,se debe descargar petroleo,
172,120,XK7318,Acacia,Argentina,2011-03-06 16:50:45,descaraga de pescados,
173,9,VW7522,acteon,Australia,2014-02-04 23:00:16,,2014-02-14 19:30:27
174,122,LD3618,Braak,Republica Dominicana,2015-05-26 20:38:50,,2015-06-01 20:20:34
175,182,HF1544,Alcaston,Jamaica,2015-12-28 22:11:40,,2016-01-07 17:22:44
176,132,HH5472,Boulston,Republica Dominicana,2021-04-20 14:54:53,descaraga de pescados,
177,102,MN1612,Madera negra,Italia,2020-09-14 12:17:58,descaraga de pescados,
178,178,QJ1463,dubbo,Tailandia,2017-09-22 14:26:16,se debe descargar petroleo,
179,160,PR9667,Bendicion,Noruega,2016-10-21 01:38:25,carga de cointainers,
180,193,EI5834,Bourdelais,Polonia,2010-05-11 22:19:11,se debe cargar petroleo,
181,99,FE1567,drummondville,Panama,2018-07-06 22:16:39,,2018-07-13 13:45:18
182,188,ZC6249,Pato,Brasil,2020-11-13 12:28:45,se debe cargar petroleo,
183,59,LR2069,Brecon,Panama,2021-02-25 23:34:30,se debe descargar petroleo,
184,102,HI3831,Brevdrageren,Belgica,2020-10-19 02:27:55,carga de cointainers,
185,102,IF9396,Braave,Portugal,2020-08-19 13:30:38,se debe descargar petroleo,
186,195,IX1197,Boxer,Italia,2013-06-18 07:54:37,,2013-06-28 23:27:05
187,86,EV7485,Bravo,Qatar,2021-02-23 05:12:12,se debe descargar petroleo,
188,145,CI3218,Agamenon,Siria,2021-01-18 22:09:01,se debe descargar petroleo,
189,15,VX5561,Abundancia,Estados Unidos,2021-01-12 14:47:25,,2021-01-13 08:54:34
190,192,OF5460,Boscawen,Chile,2016-04-27 13:08:05,carga de cointainers,
191,38,NT2280,Premio Dreadnought,Colombia,2021-07-05 10:15:10,,2021-07-06 06:26:23
192,173,TG8958,Bergantin,España,2014-11-09 20:45:05,descaraga de pescados,
193,103,FM3163,Albany,Finlandia,2011-08-08 03:47:36,descaraga de pescados,
194,53,UE6214,Bonavoila,Ecuador,2014-11-12 12:01:25,,2014-11-24 04:51:12
195,112,HH5472,Boulston,Republica Dominicana,2017-02-10 14:47:09,,2017-02-18 06:52:37
196,127,OT5458,Aconito,Mexico,2012-08-11 18:46:13,descarga de cointainers,
197,156,GS7205,Aventuras,España,2013-08-21 00:14:12,descaraga de pescados,
198,6,UO8744,Brezo,Paraguay,2021-06-17 01:52:24,,2021-06-17 22:20:20
199,90,HH5472,Boulston,Republica Dominicana,2011-11-13 17:48:15,descaraga de pescados,
200,126,OF5956,Adur,Egipto,2021-07-08 06:01:34,,2021-07-09 03:24:01
201,92,MU6547,Eneas,Sudafrica,2021-02-14 12:26:47,carga de cointainers,
202,19,YB3879,Bolton,Austria,2010-06-02 12:56:51,se debe descargar petroleo,
203,99,UW2735,Achille,Austria,2019-05-20 20:38:51,,2019-05-25 11:35:23
204,188,HH5023,Bolebroke,Republica Dominicana,2020-12-26 16:37:46,carga de cointainers,
205,45,OH1392,Broadway,Jamaica,2021-05-13 18:57:35,,2021-05-18 17:06:56
206,24,QI7769,Albanaise,Japon,2015-04-29 08:42:43,se debe cargar petroleo,
207,150,PV6712,Brocklesby,Paraguay,2021-02-08 07:00:31,se debe cargar petroleo,
208,122,PZ1913,Conductor,Nueva Zelanda,2012-06-21 03:27:59,,2012-06-27 19:57:49
209,161,LD3618,Braak,Republica Dominicana,2011-11-12 11:19:25,se debe cargar petroleo,
210,151,CG7403,Castillo bodiam,Japon,2020-02-26 05:46:15,descaraga de pescados,
211,14,SL2391,Alarma,Sudafrica,2021-07-20 08:58:56,se debe cargar petroleo,
212,180,DQ3759,Branlebas,India,2013-10-27 18:19:08,,2013-11-01 14:56:51
213,151,WK4832,Brixham,Brasil,2012-06-27 15:20:50,se debe descargar petroleo,
214,65,AU6167,Affleck,Argentina,2014-01-04 23:22:27,carga de cointainers,
215,168,EV7485,Bravo,Qatar,2020-11-23 03:14:28,,2020-11-24 03:02:28
216,27,CC4639,Energico,Polonia,2016-03-22 13:59:32,descaraga de pescados,
217,149,HB3228,Habil,Singapur,2011-07-27 23:45:41,se debe cargar petroleo,
218,85,KC2936,Agua Negra,Noruega,2021-05-14 15:32:18,se debe descargar petroleo,
219,207,UZ5981,Brissenden,Cuba,2011-01-09 02:43:25,se debe cargar petroleo,
220,68,HE7029,Adonis,India,2020-03-18 10:24:46,se debe cargar petroleo,
221,156,FU8868,Alberta,Panama,2019-11-11 14:41:34,descaraga de pescados,
222,89,UO8744,Brezo,Paraguay,2016-11-14 03:19:27,descaraga de pescados,
223,145,KY2131,alberni,Paraguay,2017-12-04 23:56:11,descarga de cointainers,
224,133,BF7024,Alban,Finlandia,2013-11-15 05:24:18,,2013-11-28 00:22:08
225,136,IT1233,Premio brillante,Filipinas,2012-11-11 01:48:27,,2012-11-22 22:01:52
226,215,PM8536,Abdiel,Canada,2016-08-20 23:18:56,descaraga de pescados,
227,189,FU8868,Alberta,Panama,2015-04-13 02:06:49,,2015-04-25 20:44:18
228,54,FA3127,Brandon,Chile,2011-11-29 07:23:58,se debe cargar petroleo,
229,55,DS0478,Penelope,Chile,2015-06-25 19:46:24,carga de cointainers,
230,213,KH8053,Premio Dover,Belgica,2014-10-19 08:06:22,,2014-10-28 07:34:07
231,28,LW4637,Alarico,Brasil,2010-03-11 00:26:24,descarga de cointainers,
232,145,OT5458,Aconito,Mexico,2015-08-09 18:41:46,carga de cointainers,
233,181,OF5460,Boscawen,Chile,2018-02-17 12:50:16,,2018-02-28 05:42:52
234,71,KC2936,Agua Negra,Noruega,2012-03-05 16:44:00,se debe cargar petroleo,
235,72,LR2069,Brecon,Panama,2020-10-13 02:41:08,,2020-10-13 23:41:42
236,188,WX5990,Bogam,Argentina,2021-07-04 20:42:59,carga de cointainers,
237,115,GJ5946,Breconshire,Noruega,2020-02-09 14:53:37,carga de cointainers,
238,156,UO8744,Brezo,Paraguay,2021-05-30 22:59:28,descaraga de pescados,
239,151,NX3376,Albatros,Egipto,2014-12-10 12:58:57,carga de cointainers,
240,179,EB3227,Bossington,Peru,2018-09-08 22:43:03,,2018-09-16 14:26:47
241,113,IX1197,Boxer,Italia,2021-01-16 12:18:04,,2021-01-17 06:44:22
242,129,YG2900,Almirante Farragut,Sudafrica,2018-06-12 17:19:21,descarga de cointainers,
243,97,DT6703,Britania,Finlandia,2015-05-27 07:02:54,se debe cargar petroleo,
244,199,MU6547,Eneas,Sudafrica,2013-06-18 20:23:35,carga de cointainers,
245,136,BF7024,Alban,Finlandia,2020-10-01 15:08:05,,2020-10-02 06:18:57
246,0,FO3430,brearley,India,2012-04-03 07:33:44,descaraga de pescados,
247,64,PU5101,aventura Galera,Peru,2013-08-22 02:07:11,descaraga de pescados,
248,52,HB3228,Habil,Singapur,2017-08-02 17:21:11,se debe descargar petroleo,
249,111,WF3051,Brereton,Singapur,2021-06-07 14:27:48,,2021-06-08 05:51:34
250,65,TJ7818,Blankney,Portugal,2015-09-11 20:36:48,se debe cargar petroleo,
251,11,MZ2239,Blickling,Egipto,2018-04-14 00:36:45,se debe cargar petroleo,
252,44,RV9799,Blanche,Dinamarca,2011-07-06 16:33:06,,2011-07-14 16:06:27
253,102,AM9504,Chaqueta de sport,Paraguay,2013-09-03 07:39:14,descarga de cointainers,
254,79,KQ3854,Bravucon,Nicaragua,2020-08-11 10:04:04,,2020-08-17 01:52:38
255,108,LD3618,Braak,Republica Dominicana,2020-11-27 02:42:01,,2020-11-30 19:21:56
256,37,LS5992,Abelardo,Costa Rica,2020-11-01 17:45:43,descaraga de pescados,
257,157,YB1434,Boyne,Belgica,2010-09-01 06:59:50,,2010-09-07 23:05:28
258,193,OB9598,Albuera,Vietnam,2017-10-24 23:02:26,se debe cargar petroleo,
259,11,BN3951,brigandine,Italia,2020-10-21 05:15:48,carga de cointainers,
260,3,FO3430,brearley,India,2016-08-21 06:55:26,descaraga de pescados,
261,61,OJ8771,Activo,España,2018-03-05 03:05:07,se debe descargar petroleo,
262,208,OE1789,BLAIRMORE,Argentina,2010-06-03 14:38:40,carga de cointainers,
263,179,WI9449,Bligh,Suiza,2013-10-02 23:29:26,,2013-10-11 14:24:05
264,101,AL8743,Adelaide,Filipinas,2017-07-12 08:34:35,,2017-07-16 07:10:27
265,150,OO2266,druida,Qatar,2012-05-14 11:21:05,descaraga de pescados,
266,145,IX1197,Boxer,Italia,2016-04-01 06:49:02,descaraga de pescados,
267,166,LA5643,abergavenny,Siria,2021-01-18 01:11:17,,2021-01-19 01:07:33
268,49,YT2845,gitano,Mexico,2017-07-27 15:51:37,,2017-07-31 10:23:40
269,134,AM9504,Chaqueta de sport,Paraguay,2021-04-09 21:23:48,,2021-04-14 13:13:42
270,122,EY2745,Aberfoyle,Japon,2019-04-02 05:26:23,,2019-04-08 04:19:00
271,206,PV7666,Boulogne,Austria,2017-08-04 08:48:24,se debe cargar petroleo,
272,81,KH8053,Premio Dover,Belgica,2020-10-23 11:37:53,descaraga de pescados,
273,68,XG7925,Albemarle,Filipinas,2021-06-25 07:28:16,carga de cointainers,
274,21,IX1197,Boxer,Italia,2014-10-02 20:18:54,descaraga de pescados,
275,131,FS3778,Acteon,Indonesia,2021-04-28 06:52:45,,2021-04-29 01:47:30
276,8,IJ4552,Bonetta,Mexico,2021-06-04 11:29:28,,2021-06-16 07:24:46
277,32,OA5815,Brinton,Islas Malvinas,2014-08-04 06:30:06,,2014-08-12 22:29:25
278,10,OF5460,Boscawen,Chile,2021-03-02 20:16:13,,2021-03-03 13:42:59
279,24,RK9162,Brigham,Argentina,2020-10-16 15:36:57,descaraga de pescados,
280,16,MN4984,Bombay,Japon,2014-06-06 11:02:55,se debe descargar petroleo,
281,69,VC7492,Abeille,Singapur,2017-11-11 02:39:34,,2017-11-14 17:38:09
282,187,QL4591,albacora,Siria,2011-03-08 22:03:18,,2011-03-19 17:02:22
283,9,FO3430,brearley,India,2015-01-12 17:27:56,,2015-01-25 09:18:14
284,102,NQ5495,Brighton,Panama,2021-06-11 09:49:42,se debe descargar petroleo,
285,32,RH8308,Agrega un,Dinamarca,2021-06-02 15:20:26,,2021-06-03 11:29:20
286,178,UZ5981,Brissenden,Cuba,2020-04-01 06:20:10,se debe descargar petroleo,
287,211,RY9242,pechiazul,Canada,2012-10-08 09:49:15,se debe descargar petroleo,
288,19,AU6167,Affleck,Argentina,2014-11-28 14:41:08,descarga de cointainers,
289,125,KM2551,Adepto,Republica Dominicana,2010-12-22 18:00:49,se debe cargar petroleo,
290,91,LV7419,Bronington,Qatar,2016-05-14 02:14:56,,2016-05-23 19:32:58
291,68,MW6341,Albert,Tailandia,2019-12-31 23:27:42,se debe descargar petroleo,
292,32,QC1164,Generosidad,España,2017-11-21 06:50:06,,2017-12-03 06:32:09
293,104,LW6201,Braithwaite,Japon,2013-07-14 16:38:30,,2013-07-21 11:20:39
294,176,TJ7818,Blankney,Portugal,2011-02-03 04:03:40,,2011-02-13 01:37:34
295,155,AL8743,Adelaide,Filipinas,2021-05-13 09:06:10,se debe cargar petroleo,
296,24,LX6914,Abercrombie,Qatar,2018-06-24 22:50:11,se debe cargar petroleo,
297,16,HF4402,Brillante,Austria,2011-03-25 10:22:20,descarga de cointainers,
298,210,VT2032,Asesor,Austria,2017-04-23 18:57:02,descaraga de pescados,
299,154,WC2925,briseis,Costa Rica,2010-12-08 13:49:10,carga de cointainers,
300,142,RK9162,Brigham,Argentina,2017-04-16 11:20:17,descaraga de pescados,
301,71,YW8268,britanico,Cuba,2020-12-26 05:00:40,descarga de cointainers,
302,87,PR9667,Bendicion,Noruega,2018-07-31 15:08:17,,2018-08-13 09:30:44
303,25,PA1651,Bumerang,Islas Malvinas,2021-03-13 17:25:18,,2021-03-14 15:34:41
304,128,EE2109,Premio dragon,Nueva Zelanda,2020-12-08 08:15:25,,2020-12-11 22:55:56
305,196,VH2584,Boreas,Ecuador,2020-06-16 23:27:55,carga de cointainers,
306,19,BI5654,Consejo,Peru,2020-10-11 18:15:20,descarga de cointainers,
307,43,OM4230,Blyth,Paraguay,2021-02-17 11:29:21,,2021-03-01 03:10:00
308,140,VI4743,Calypso,Canada,2013-02-28 03:50:49,,2013-03-13 21:55:37
309,184,IV2746,Blandford,Argentina,2016-10-04 08:50:56,,2016-10-13 08:24:52
310,8,BN4195,acheron,Costa Rica,2014-09-23 15:51:10,,2014-09-28 09:47:07
311,88,YW8268,britanico,Cuba,2020-08-12 18:25:54,,2020-08-18 16:17:37
312,19,JR2308,britomart,Tailandia,2010-02-09 11:36:53,descaraga de pescados,
313,151,RQ2918,Libelula,Dinamarca,2020-11-20 00:46:32,descaraga de pescados,
314,40,OJ8771,Activo,España,2015-08-03 08:03:41,se debe descargar petroleo,
315,173,VY5330,brenchley,Australia,2012-08-27 04:08:27,descaraga de pescados,
316,72,AI9121,Bowen,Jamaica,2011-12-29 14:40:54,,2012-01-06 07:20:57
317,56,PJ5481,Abelia,Argentina,2017-01-04 03:00:39,,2017-01-09 02:31:36
318,203,IH6707,Boston,Nicaragua,2021-06-19 08:18:04,,2021-06-20 02:01:29
319,115,FE1567,drummondville,Panama,2014-05-29 09:53:21,descarga de cointainers,
320,191,HB3228,Habil,Singapur,2010-09-16 12:32:35,,2010-09-25 06:48:46
321,28,LR2069,Brecon,Panama,2015-01-26 13:09:04,se debe cargar petroleo,
322,180,DV6261,Bridgewater,Belgica,2014-02-12 18:11:13,,2014-02-23 15:40:21
323,85,BF7024,Alban,Finlandia,2012-07-04 22:56:10,descaraga de pescados,
324,156,GE9618,Dromedario,Colombia,2015-09-26 17:21:30,se debe descargar petroleo,
325,87,CC4639,Energico,Polonia,2021-07-25 12:54:03,,2021-07-26 06:06:08
326,36,ED5736,guysborough,Chile,2020-05-05 16:21:31,,2020-05-09 13:47:05
327,193,DK4889,Bristol,Portugal,2016-12-06 02:47:30,carga de cointainers,
328,208,GT9752,Albrighton,España,2020-09-21 04:29:46,se debe descargar petroleo,
329,32,ON7101,Abundante,Argentina,2020-10-14 22:20:18,,2020-10-26 18:43:58
330,205,WF7217,achates,Islas Malvinas,2017-11-13 10:30:03,descarga de cointainers,
331,180,ID7819,As,Panama,2016-03-01 12:21:36,,2016-03-13 02:31:15
332,143,MW6341,Albert,Tailandia,2021-08-07 02:44:03,,2021-08-07 18:37:12
333,60,OJ8771,Activo,España,2020-11-09 11:37:46,,2020-11-10 09:54:44
334,116,ZP4420,magnolia,Chile,2021-01-28 11:27:56,,2021-01-29 10:52:39
335,178,UL8619,blencathra,India,2021-08-28 00:32:31,descaraga de pescados,
336,108,MO4425,abondance,Filipinas,2019-02-24 09:17:44,,2019-03-07 02:53:43
337,12,IG9597,Aetna,Indonesia,2012-05-12 02:19:07,descaraga de pescados,
338,4,TQ5114,Gurkha,Finlandia,2013-09-28 22:31:23,,2013-10-08 18:23:43
339,19,SL2391,Alarma,Sudafrica,2020-11-11 00:02:58,se debe cargar petroleo,
340,209,OT5458,Aconito,Mexico,2021-08-05 17:59:49,,2021-08-06 13:20:29
341,147,RC8468,Borraja,Estados Unidos,2011-09-17 17:23:25,descaraga de pescados,
342,19,MZ9845,Blakeney,Italia,2014-04-26 19:41:22,descaraga de pescados,
343,206,GS9663,broadwater,Polonia,2020-11-13 02:05:05,descarga de cointainers,
344,45,UY2987,Continuar,Islas Malvinas,2021-02-21 04:52:26,,2021-02-21 23:35:09
345,192,EI5702,Admirable,Italia,2013-03-02 01:30:23,se debe descargar petroleo,
346,24,OO2266,druida,Qatar,2021-04-13 16:19:39,descaraga de pescados,
347,80,NQ5495,Brighton,Panama,2019-05-11 10:25:59,se debe cargar petroleo,
348,20,NX3376,Albatros,Egipto,2021-06-24 03:33:47,descarga de cointainers,
349,173,PZ3477,Afridi,Nicaragua,2012-08-16 13:42:32,carga de cointainers,
350,158,BI5654,Consejo,Peru,2021-06-11 16:25:26,,2021-06-12 09:10:43
351,24,WK4832,Brixham,Brasil,2015-07-12 18:05:30,se debe cargar petroleo,
352,166,NN8091,Broaderschap,Jamaica,2014-05-16 20:12:27,,2014-05-28 13:54:04
353,6,FU8868,Alberta,Panama,2021-06-06 01:54:17,,2021-06-07 01:28:49
354,96,HP3120,gympie,Panama,2020-04-07 03:41:53,se debe descargar petroleo,
355,116,TR8211,Brema,Australia,2021-06-23 21:19:52,,2021-06-24 20:59:58
356,113,GS9404,Bramham,Filipinas,2011-03-10 20:16:32,,2011-03-16 17:49:35
357,115,SL2391,Alarma,Sudafrica,2020-11-18 00:28:16,se debe descargar petroleo,
358,13,NN8091,Broaderschap,Jamaica,2021-05-25 21:38:22,,2021-05-26 14:38:54
359,69,KC2936,Agua Negra,Noruega,2014-04-25 11:42:06,,2014-05-03 07:14:14
360,162,OF1501,Blaxton,Noruega,2019-04-21 23:47:33,descaraga de pescados,
361,215,UL8619,blencathra,India,2017-06-25 06:43:17,descaraga de pescados,
362,182,WD8846,Blake,Noruega,2020-09-23 01:18:31,,2020-09-23 19:24:42
363,31,ST8633,Aberford,Mexico,2020-10-29 20:57:11,,2020-10-30 16:30:47
364,178,YE6286,Castillo de Bowes,Argentina,2017-11-28 08:44:18,descaraga de pescados,
365,64,ON7101,Abundante,Argentina,2020-12-01 10:03:20,descarga de cointainers,
366,34,TG8958,Bergantin,España,2020-09-11 23:06:48,,2020-09-25 17:11:58
367,116,MZ9845,Blakeney,Italia,2020-12-17 00:12:33,,2020-12-17 16:09:58
368,125,XK7318,Acacia,Argentina,2019-06-24 20:18:16,descaraga de pescados,
369,211,RC8468,Borraja,Estados Unidos,2020-03-06 04:46:32,descaraga de pescados,
370,1,BI5654,Consejo,Peru,2015-01-26 01:46:05,carga de cointainers,
371,90,OY7209,Bombardear,Reino Unido,2018-04-08 17:00:41,carga de cointainers,
372,108,EF7582,Aquiles,Belgica,2021-06-20 01:14:23,,2021-06-26 15:35:53
373,42,YC1851,Bonne Ciudadana,Austria,2017-04-07 19:58:33,descaraga de pescados,
374,199,PJ8392,Buenaventura,Republica Dominicana,2020-10-20 06:32:42,descaraga de pescados,
375,208,GE9618,Dromedario,Colombia,2019-08-03 19:37:23,se debe descargar petroleo,
376,11,RV9799,Blanche,Dinamarca,2018-10-21 09:11:29,se debe cargar petroleo,
377,68,ED5736,guysborough,Chile,2020-11-19 01:15:38,se debe descargar petroleo,
378,103,AU6167,Affleck,Argentina,2015-10-11 19:53:46,descarga de cointainers,
379,91,MN1612,Madera negra,Italia,2021-02-09 13:00:47,,2021-02-10 12:03:18
380,183,DY6365,Dubford,Irlanda,2020-04-22 22:54:24,,2020-05-05 18:14:58
381,65,NN2774,Drochterland,Tailandia,2014-03-25 17:46:04,carga de cointainers,
382,37,MZ9845,Blakeney,Italia,2014-08-15 08:57:26,descaraga de pescados,
383,202,HE8199,Brampton,Jamaica,2013-02-25 09:16:08,,2013-03-12 05:27:38
384,214,XL6992,Bootle,Costa Rica,2021-04-29 23:04:01,,2021-04-30 20:02:07
385,137,IJ4552,Bonetta,Mexico,2020-11-22 19:12:49,,2020-11-23 13:01:20
386,207,SG9128,Avanzar,Japon,2020-12-10 10:47:40,descarga de cointainers,
387,118,OH1392,Broadway,Jamaica,2016-12-25 01:04:05,se debe descargar petroleo,
388,72,UH6836,Aladdin,Portugal,2015-07-05 16:29:02,,2015-07-15 15:22:35
389,184,TO8113,Almirantazgo,Austria,2021-06-04 09:18:23,,2021-06-05 00:53:17
390,145,IV2746,Blandford,Argentina,2013-08-18 23:22:03,se debe descargar petroleo,
391,125,GC3280,Acorazado,Islas Malvinas,2021-06-02 05:22:15,descaraga de pescados,
392,40,OO2266,druida,Qatar,2021-01-26 17:30:16,descaraga de pescados,
393,118,AY3986,Bradfield,Islas Malvinas,2021-02-14 15:48:52,se debe cargar petroleo,
394,17,CC4639,Energico,Polonia,2019-02-25 02:17:31,descaraga de pescados,
395,43,NP8695,Brock,Filipinas,2020-09-12 22:50:48,,2020-09-13 21:40:55
396,144,CE1914,downham,Corea,2012-02-28 00:06:12,se debe cargar petroleo,
397,112,VI4743,Calypso,Canada,2012-10-29 09:13:42,,2012-11-06 03:14:21
398,92,ST8633,Aberford,Mexico,2012-08-24 04:16:03,descaraga de pescados,
399,64,MY3367,Zarza,Portugal,2011-06-26 21:11:00,descarga de cointainers,
400,138,IG9597,Aetna,Indonesia,2012-09-11 23:28:05,descaraga de pescados,
401,100,ST8633,Aberford,Mexico,2020-12-05 09:06:20,,2020-12-06 05:04:02
402,140,VI7863,Esclava,Chile,2019-06-29 01:19:19,,2019-07-03 22:14:52
403,75,GS7205,Aventuras,España,2010-01-09 01:13:59,,2010-01-18 15:43:36
404,64,RP8314,brantford,Ecuador,2010-08-21 08:11:29,descarga de cointainers,
405,105,TS8958,Castillo bridgnorth,Indonesia,2020-03-28 09:51:46,,2020-04-07 00:22:20
406,173,MO4425,abondance,Filipinas,2017-03-19 13:02:11,descaraga de pescados,
407,1,VY5330,brenchley,Australia,2019-05-25 21:14:14,descaraga de pescados,
408,45,UO8744,Brezo,Paraguay,2020-11-24 19:10:49,,2020-11-25 15:58:43
409,82,DA9671,Botha,Suiza,2020-12-27 07:33:12,,2021-01-02 22:36:36
410,115,OR9516,Espada,Singapur,2021-01-15 06:04:58,se debe cargar petroleo,
411,105,ZV9679,Blean,Australia,2019-07-25 20:22:49,,2019-08-03 17:35:20
412,212,ZC6249,Pato,Brasil,2020-01-29 11:13:33,se debe cargar petroleo,
413,25,HK6767,Bridport,Sudafrica,2021-07-08 05:07:19,,2021-07-08 21:20:26
414,156,PA1651,Bumerang,Islas Malvinas,2019-10-19 21:50:09,descaraga de pescados,
415,67,PR9667,Bendicion,Noruega,2021-04-27 20:40:08,,2021-04-28 17:01:25
416,48,LX6914,Abercrombie,Qatar,2015-05-28 14:19:48,,2015-06-11 08:51:17
417,56,WF7217,achates,Islas Malvinas,2021-05-08 22:19:54,,2021-05-15 16:18:52
418,83,EH9187,Aberdeen,Qatar,2021-02-02 23:54:12,,2021-02-03 20:31:04
419,84,WK4832,Brixham,Brasil,2020-05-28 18:51:36,se debe descargar petroleo,
420,204,GT9752,Albrighton,España,2014-05-01 01:12:30,se debe descargar petroleo,
421,37,FN4513,Brinkley,Qatar,2011-10-08 14:25:18,descarga de cointainers,
422,42,ZX2922,Abbotsham,India,2015-04-06 07:29:48,descaraga de pescados,
423,185,HV2199,acasta,Mexico,2021-09-01 04:05:01,carga de cointainers,
424,159,OM4230,Blyth,Paraguay,2014-03-25 04:24:54,,2014-04-05 03:03:51
425,206,RK2324,Africa,Republica Dominicana,2015-12-30 21:05:41,se debe descargar petroleo,
426,84,EI5702,Admirable,Italia,2016-03-11 23:23:05,se debe descargar petroleo,
427,77,VT2032,Asesor,Austria,2020-09-21 06:54:51,descaraga de pescados,
428,143,PM8536,Abdiel,Canada,2016-05-21 00:39:16,,2016-05-27 18:22:59
429,87,LF8633,Blenheim,Suiza,2016-09-12 16:32:55,,2016-09-19 16:32:35
430,143,FM3163,Albany,Finlandia,2015-09-18 05:53:00,,2015-09-21 23:00:25
431,59,UH1378,Albian,Sudafrica,2012-05-06 10:41:34,se debe descargar petroleo,
432,125,AU5998,Abigail,Irlanda,2016-02-23 21:23:23,descaraga de pescados,
433,183,LW6201,Braithwaite,Japon,2012-07-30 02:18:21,,2012-08-04 18:05:29
434,76,PJ5481,Abelia,Argentina,2021-02-13 04:02:15,,2021-02-13 21:33:33
435,75,EB3227,Bossington,Peru,2017-03-01 07:00:00,,2017-03-06 00:06:48
436,137,RY9242,pechiazul,Canada,2015-12-28 14:26:52,,2016-01-08 13:48:50
437,108,HP3120,gympie,Panama,2017-03-08 15:29:41,,2017-03-22 05:49:56
438,62,QI7769,Albanaise,Japon,2013-01-26 10:02:34,se debe descargar petroleo,
439,22,ZV8179,brockville,Indonesia,2016-08-09 04:23:49,se debe cargar petroleo,
440,182,HF4402,Brillante,Austria,2021-01-04 14:48:25,,2021-01-09 12:21:48
441,65,NX3376,Albatros,Egipto,2015-04-14 10:03:58,descarga de cointainers,
442,26,FN4513,Brinkley,Qatar,2011-09-12 10:10:14,carga de cointainers,
443,28,KH8053,Premio Dover,Belgica,2015-10-07 03:27:49,descaraga de pescados,
444,208,FN4513,Brinkley,Qatar,2016-05-02 02:38:23,carga de cointainers,
445,63,GF5994,Alcantara,España,2015-02-27 13:35:47,,2015-03-08 13:33:18
446,42,PV7666,Boulogne,Austria,2020-04-15 15:56:43,se debe descargar petroleo,
447,163,EI5834,Bourdelais,Polonia,2021-08-18 22:09:18,se debe cargar petroleo,
448,93,XK7318,Acacia,Argentina,2018-11-23 19:39:22,,2018-11-30 14:59:08
449,212,TS8958,Castillo bridgnorth,Indonesia,2020-11-23 06:42:57,descaraga de pescados,
450,23,AL8743,Adelaide,Filipinas,2016-03-12 01:58:28,se debe cargar petroleo,
451,11,GC3280,Acorazado,Islas Malvinas,2018-07-02 04:55:43,descaraga de pescados,
452,96,YB1434,Boyne,Belgica,2017-09-22 14:40:13,descaraga de pescados,
453,192,EG8528,Abrahan,Brasil,2020-10-11 07:01:08,descaraga de pescados,
454,64,VW7522,acteon,Australia,2014-01-19 20:53:45,descaraga de pescados,
455,66,IF9396,Braave,Portugal,2021-08-01 14:16:38,,2021-08-02 07:30:03
456,196,GT9752,Albrighton,España,2020-12-02 16:55:30,se debe descargar petroleo,
457,27,BY4314,Resplandor,Suiza,2021-02-03 15:23:39,se debe descargar petroleo,
458,28,ED5736,guysborough,Chile,2013-12-16 01:14:47,se debe cargar petroleo,
459,8,UO8744,Brezo,Paraguay,2010-10-07 00:36:28,,2010-10-10 22:57:26
460,86,LN8777,Bridlington,Tailandia,2021-01-05 07:58:19,descaraga de pescados,
461,55,YC1851,Bonne Ciudadana,Austria,2021-05-31 06:14:19,descaraga de pescados,
462,73,YP3858,Sumador,Nicaragua,2012-07-16 10:05:09,descaraga de pescados,
463,65,IJ4552,Bonetta,Mexico,2016-08-25 04:30:33,se debe cargar petroleo,
464,36,NQ5495,Brighton,Panama,2015-10-29 08:12:01,,2015-11-07 22:15:19
465,82,RW4421,Downley,Suiza,2012-06-25 09:33:40,,2012-06-30 00:13:33
466,29,TS8958,Castillo bridgnorth,Indonesia,2021-02-07 23:12:54,,2021-02-08 22:11:50
467,138,HH5472,Boulston,Republica Dominicana,2021-01-03 22:31:16,descaraga de pescados,
468,150,OJ8771,Activo,España,2021-03-11 23:51:30,se debe descargar petroleo,
469,213,GM1638,Afrikander,Islas Malvinas,2021-02-25 14:41:12,,2021-02-26 13:30:30
470,17,II3534,bodenham,Noruega,2016-09-27 19:23:17,descaraga de pescados,
471,212,KM2551,Adepto,Republica Dominicana,2020-08-08 21:15:16,se debe descargar petroleo,
472,12,LI5894,Driada,Singapur,2016-11-04 07:30:13,descaraga de pescados,
473,83,EY2745,Aberfoyle,Japon,2019-07-13 21:16:24,,2019-07-18 13:28:18
474,192,HF4402,Brillante,Austria,2011-06-20 11:03:39,descarga de cointainers,
475,189,OF5460,Boscawen,Chile,2021-02-22 17:46:54,,2021-03-09 13:58:27
476,150,WF3051,Brereton,Singapur,2014-04-08 19:59:34,carga de cointainers,
477,103,OR9516,Espada,Singapur,2021-08-05 21:51:28,se debe descargar petroleo,
478,10,RK2324,Africa,Republica Dominicana,2016-09-11 08:02:27,,2016-09-16 22:29:04
479,39,LA5643,abergavenny,Siria,2020-08-11 01:14:38,se debe descargar petroleo,
480,69,YG2900,Almirante Farragut,Sudafrica,2017-07-02 12:13:41,,2017-07-06 06:59:10
481,189,RO9221,Descarado,Cuba,2021-06-15 13:47:35,,2021-06-16 06:22:30
482,101,SL2391,Alarma,Sudafrica,2020-12-01 22:58:35,,2020-12-02 20:07:47
483,12,QA2495,Acertif,Nueva Zelanda,2021-07-26 04:38:05,descaraga de pescados,
484,172,KH8053,Premio Dover,Belgica,2014-06-10 14:11:17,descaraga de pescados,
485,9,NN2774,Drochterland,Tailandia,2017-01-08 21:29:22,,2017-01-20 12:26:03
486,78,PJ5481,Abelia,Argentina,2010-09-18 10:35:00,descarga de cointainers,
487,208,TS8958,Castillo bridgnorth,Indonesia,2020-07-21 11:03:19,descaraga de pescados,
488,77,MZ9845,Blakeney,Italia,2015-11-01 09:12:02,descaraga de pescados,
489,37,MO4425,abondance,Filipinas,2020-12-29 23:57:01,descaraga de pescados,
490,112,EH9187,Aberdeen,Qatar,2015-04-23 07:46:05,,2015-05-03 07:07:39
491,85,VW7522,acteon,Australia,2017-01-09 05:21:41,descaraga de pescados,
492,116,RO9221,Descarado,Cuba,2021-02-22 18:18:32,,2021-03-06 16:32:23
493,34,WF7217,achates,Islas Malvinas,2015-09-24 16:59:59,,2015-10-06 11:04:59
494,84,HE8199,Brampton,Jamaica,2010-05-25 00:27:38,carga de cointainers,
495,130,EF7582,Aquiles,Belgica,2021-05-04 06:11:53,carga de cointainers,
496,144,CC4639,Energico,Polonia,2017-12-16 16:16:17,descaraga de pescados,
497,36,II3534,bodenham,Noruega,2021-05-28 02:51:06,,2021-06-07 17:10:52
498,124,TQ5114,Gurkha,Finlandia,2012-07-14 20:14:06,descarga de cointainers,
499,62,YX2002,Valiente,Islas Malvinas,2010-08-12 00:43:27,descaraga de pescados,
500,152,VY5330,brenchley,Australia,2021-07-03 19:08:51,descaraga de pescados,
501,171,EI5702,Admirable,Italia,2019-01-18 08:54:48,se debe descargar petroleo,
502,181,DG5218,Drury,Filipinas,2011-10-31 10:57:26,,2011-11-14 05:12:49
503,204,UH1378,Albian,Sudafrica,2021-03-09 19:08:47,se debe descargar petroleo,
504,187,OI4579,Gulnare,Egipto,2021-08-05 12:11:54,,2021-08-06 03:51:22
505,196,VI4743,Calypso,Canada,2017-07-12 23:19:30,descaraga de pescados,
506,33,PJ8392,Buenaventura,Republica Dominicana,2013-01-21 13:04:41,,2013-02-03 03:21:53
507,53,TJ7818,Blankney,Portugal,2021-06-03 11:35:38,,2021-06-04 09:14:03
508,12,RQ2918,Libelula,Dinamarca,2010-09-08 03:27:04,descaraga de pescados,
509,37,BI5654,Consejo,Peru,2021-03-06 19:20:11,carga de cointainers,
510,72,QI7769,Albanaise,Japon,2020-11-04 00:38:49,,2020-11-17 14:51:11
511,11,ST8633,Aberford,Mexico,2021-04-19 19:44:31,descaraga de pescados,
512,150,EE2109,Premio dragon,Nueva Zelanda,2016-02-10 09:20:01,carga de cointainers,
513,131,GS9404,Bramham,Filipinas,2016-03-29 19:55:29,,2016-04-08 13:08:10
514,138,ED5736,guysborough,Chile,2015-07-17 08:56:51,se debe cargar petroleo,
515,189,AU6167,Affleck,Argentina,2018-03-03 02:52:08,,2018-03-15 18:55:48
516,171,GT9752,Albrighton,España,2015-12-23 01:56:54,se debe cargar petroleo,
517,193,GJ5946,Breconshire,Noruega,2016-08-20 18:23:25,descarga de cointainers,
518,37,ZP4420,magnolia,Chile,2016-11-05 12:29:57,descarga de cointainers,
519,163,PK9613,Dromio,Paraguay,2021-08-05 03:38:20,descarga de cointainers,
520,201,TJ7818,Blankney,Portugal,2015-06-04 01:46:27,,2015-06-17 20:53:05
521,124,WX5990,Bogam,Argentina,2015-01-19 15:00:21,carga de cointainers,
522,9,RW4421,Downley,Suiza,2018-11-26 14:54:08,,2018-11-30 13:58:58
523,141,EV7485,Bravo,Qatar,2021-02-09 08:03:13,se debe descargar petroleo,
524,187,UH6836,Aladdin,Portugal,2021-01-15 09:06:19,,2021-01-22 05:09:12
525,77,AL8743,Adelaide,Filipinas,2019-12-09 12:15:40,se debe cargar petroleo,
526,38,IV2746,Blandford,Argentina,2021-02-19 17:51:04,,2021-03-04 12:25:38
527,54,YN4644,Bellota,Islas Malvinas,2020-07-07 23:20:25,descaraga de pescados,
528,93,RQ2918,Libelula,Dinamarca,2020-10-01 05:45:37,,2020-10-02 04:07:07
529,137,AV9914,Broadley,Costa Rica,2011-04-17 10:58:50,,2011-04-22 03:31:00
530,140,ZP4420,magnolia,Chile,2021-05-05 00:39:03,,2021-05-05 19:48:37
531,91,EX4705,Firme,Japon,2021-01-23 00:00:51,,2021-01-23 15:03:58
532,193,VX5561,Abundancia,Estados Unidos,2013-08-21 14:32:39,descaraga de pescados,
533,112,VI9753,drumheller,Nicaragua,2021-01-19 22:37:50,,2021-01-20 21:38:04
534,185,NQ5495,Brighton,Panama,2010-08-25 13:51:37,se debe descargar petroleo,
535,93,YB1434,Boyne,Belgica,2021-06-09 09:03:33,,2021-06-10 03:39:21
536,81,PZ3477,Afridi,Nicaragua,2014-11-18 00:27:58,descarga de cointainers,
537,69,BB5259,Flor,Brasil,2020-10-09 02:10:14,,2020-10-20 23:33:13
538,146,LI5894,Driada,Singapur,2020-12-28 03:03:16,,2020-12-28 20:11:02
539,64,MO4968,Adversario,España,2010-12-08 00:11:01,descaraga de pescados,
540,100,RJ2733,Almirante Devries,Estados Unidos,2013-08-09 04:34:15,,2013-08-22 03:03:00
541,185,UW2735,Achille,Austria,2014-11-23 06:01:31,descarga de cointainers,
542,153,BF7024,Alban,Finlandia,2019-06-19 03:31:57,descaraga de pescados,
543,11,ST8633,Aberford,Mexico,2020-08-09 15:59:45,descaraga de pescados,
544,21,JR2308,britomart,Tailandia,2021-03-11 01:03:58,descaraga de pescados,
545,208,MU6547,Eneas,Sudafrica,2021-06-29 02:41:47,descarga de cointainers,
546,22,GF5994,Alcantara,España,2011-01-23 13:47:57,se debe descargar petroleo,
547,168,ON7101,Abundante,Argentina,2020-04-16 07:11:33,,2020-04-29 00:03:01
548,176,XG4556,Rubia,Nicaragua,2011-08-26 18:14:52,,2011-08-30 18:03:17
549,205,WK4832,Brixham,Brasil,2018-06-29 23:23:23,se debe descargar petroleo,
550,99,YG2900,Almirante Farragut,Sudafrica,2020-09-14 05:30:30,,2020-09-27 01:32:29
551,24,ON7101,Abundante,Argentina,2010-01-03 23:27:10,carga de cointainers,
552,40,NK1201,Castillo de Bombay,Ecuador,2018-09-11 17:56:52,carga de cointainers,
553,115,PJ3020,bowmanville,Japon,2015-09-06 21:08:15,se debe descargar petroleo,
554,171,AI2283,blackwall,Reino Unido,2012-05-24 05:36:01,carga de cointainers,
555,2,QL4591,albacora,Siria,2021-02-26 11:20:21,descarga de cointainers,
556,21,RK2324,Africa,Republica Dominicana,2021-04-26 16:54:15,se debe descargar petroleo,
557,5,OT5458,Aconito,Mexico,2019-02-23 05:21:21,descarga de cointainers,
558,59,WF3051,Brereton,Singapur,2013-04-15 10:58:13,carga de cointainers,
559,200,YX2002,Valiente,Islas Malvinas,2011-03-03 00:23:24,descaraga de pescados,
560,19,WC2925,briseis,Costa Rica,2012-08-06 21:51:16,descarga de cointainers,
561,80,HF4402,Brillante,Austria,2018-07-24 08:43:11,carga de cointainers,
562,33,LX6914,Abercrombie,Qatar,2013-12-20 21:57:47,,2014-01-02 21:51:38
563,160,VG7905,Brakel,Tailandia,2021-03-25 15:58:10,descarga de cointainers,
564,180,BN4195,acheron,Costa Rica,2019-10-17 02:59:45,,2019-10-24 17:56:56
565,185,PJ3020,bowmanville,Japon,2021-07-30 18:34:41,se debe cargar petroleo,
566,172,NX3376,Albatros,Egipto,2011-01-12 02:41:31,descarga de cointainers,
567,100,MZ9845,Blakeney,Italia,2021-04-27 22:15:53,,2021-05-08 20:12:13
568,67,ED5736,guysborough,Chile,2020-12-22 09:41:26,,2020-12-22 23:45:29
569,43,HH5023,Bolebroke,Republica Dominicana,2021-08-14 16:50:42,,2021-08-29 14:27:51
570,32,XL6992,Bootle,Costa Rica,2021-07-24 04:03:04,,2021-07-24 23:01:57
571,172,FN4513,Brinkley,Qatar,2014-09-23 08:59:28,descarga de cointainers,
572,20,ID7819,As,Panama,2013-10-22 00:39:10,descaraga de pescados,
573,155,FN4513,Brinkley,Qatar,2020-04-30 03:34:07,descarga de cointainers,
574,116,UE6214,Bonavoila,Ecuador,2021-08-26 05:11:04,,2021-08-27 02:36:15
575,165,DS0478,Penelope,Chile,2010-06-05 04:01:28,descarga de cointainers,
576,65,GT9752,Albrighton,España,2021-01-17 18:19:22,se debe descargar petroleo,
577,85,UH1378,Albian,Sudafrica,2017-03-12 03:05:10,se debe descargar petroleo,
578,17,KC2936,Agua Negra,Noruega,2021-02-15 06:04:06,se debe cargar petroleo,
579,67,PK9613,Dromio,Paraguay,2012-02-16 08:38:47,,2012-02-25 03:02:41
580,180,OF5956,Adur,Egipto,2021-06-19 13:03:17,,2021-06-29 11:17:07
581,186,XP9141,Adan y Eva,Jamaica,2020-11-24 06:26:55,descaraga de pescados,
582,14,PZ3477,Afridi,Nicaragua,2012-10-18 12:00:00,descarga de cointainers,
583,151,FE1567,drummondville,Panama,2016-03-26 03:50:07,descarga de cointainers,
584,87,LD3618,Braak,Republica Dominicana,2011-02-10 06:02:24,,2011-02-18 22:17:41
585,77,WK4832,Brixham,Brasil,2021-05-04 20:03:46,se debe cargar petroleo,
586,59,HB4367,Breda,Egipto,2016-10-05 00:28:21,se debe cargar petroleo,
587,104,LF8633,Blenheim,Suiza,2017-04-18 18:54:27,,2017-04-28 18:36:19
588,122,TR8211,Brema,Australia,2021-01-24 00:13:22,,2021-01-24 20:28:29
589,181,WC2925,briseis,Costa Rica,2014-05-01 14:54:41,,2014-05-06 07:09:38
590,205,KQ3854,Bravucon,Nicaragua,2014-12-05 05:31:35,descaraga de pescados,
591,134,QL4591,albacora,Siria,2015-07-19 03:35:15,,2015-07-27 03:09:43
592,147,YT2845,gitano,Mexico,2010-05-19 14:17:18,descaraga de pescados,
593,184,MO4425,abondance,Filipinas,2013-09-07 07:45:44,,2013-09-19 01:56:27
594,194,VP2429,Premio aventura,Australia,2021-05-09 14:12:03,descaraga de pescados,
595,87,SQ8557,Terrible,Vietnam,2015-07-20 13:37:42,,2015-08-01 12:47:43
596,158,YN4644,Bellota,Islas Malvinas,2013-12-17 12:58:35,,2013-12-29 03:36:19
597,165,GJ5946,Breconshire,Noruega,2020-12-09 08:00:33,descarga de cointainers,
598,149,HH5023,Bolebroke,Republica Dominicana,2020-06-26 02:36:49,descarga de cointainers,
599,124,GC3280,Acorazado,Islas Malvinas,2010-10-23 14:44:06,descaraga de pescados,
600,158,QC1164,Generosidad,España,2013-09-11 18:48:09,,2013-09-17 17:07:38
601,4,NK1201,Castillo de Bombay,Ecuador,2011-04-22 05:55:21,,2011-04-27 05:26:19
602,127,VH2584,Boreas,Ecuador,2017-11-26 06:22:33,carga de cointainers,
603,27,YB1434,Boyne,Belgica,2016-04-01 21:51:51,descaraga de pescados,
604,6,QC1164,Generosidad,España,2017-02-06 03:00:12,,2017-02-17 21:10:18
605,153,MZ9845,Blakeney,Italia,2021-04-09 13:05:24,descaraga de pescados,
606,187,XL6992,Bootle,Costa Rica,2020-04-22 09:49:54,,2020-05-06 04:08:48
607,126,OC4762,Actividad,Finlandia,2017-09-27 04:33:41,,2017-10-04 18:37:17
608,127,HH5023,Bolebroke,Republica Dominicana,2020-11-26 04:07:42,descarga de cointainers,
609,85,GS9404,Bramham,Filipinas,2021-02-17 20:47:53,carga de cointainers,
610,96,PB7290,Drogheda,Reino Unido,2012-09-08 21:18:11,descaraga de pescados,
611,163,UZ5981,Brissenden,Cuba,2013-11-10 08:06:04,se debe descargar petroleo,
612,101,SQ8557,Terrible,Vietnam,2020-10-05 12:48:12,,2020-10-06 03:54:46
613,39,AI2283,blackwall,Reino Unido,2015-08-17 20:29:39,carga de cointainers,
614,134,VC7492,Abeille,Singapur,2021-05-02 20:43:18,,2021-05-03 13:37:06
615,144,XB6912,Dovey,Argentina,2012-11-05 09:18:59,carga de cointainers,
616,168,VI9753,drumheller,Nicaragua,2014-05-11 17:37:37,,2014-05-22 14:14:04
617,141,PR9667,Bendicion,Noruega,2017-10-13 20:27:08,carga de cointainers,
618,198,KC2936,Agua Negra,Noruega,2011-03-24 13:15:12,se debe descargar petroleo,
619,50,GO7311,Ventaja,Australia,2010-05-11 13:05:31,,2010-05-20 12:04:09
620,76,II3534,bodenham,Noruega,2016-08-24 20:16:05,,2016-09-07 14:11:17
621,52,VI4743,Calypso,Canada,2020-11-06 08:17:24,descaraga de pescados,
622,3,MO4425,abondance,Filipinas,2011-11-12 19:45:13,descaraga de pescados,
623,17,SL2391,Alarma,Sudafrica,2020-02-15 02:39:38,se debe descargar petroleo,
624,68,YE6286,Castillo de Bowes,Argentina,2011-11-11 12:25:48,descaraga de pescados,
625,153,IV2746,Blandford,Argentina,2015-11-23 14:07:02,se debe cargar petroleo,
626,4,KC2936,Agua Negra,Noruega,2020-12-12 06:05:23,,2020-12-12 21:50:43
627,27,HE7029,Adonis,India,2012-05-16 20:10:25,se debe descargar petroleo,
628,185,AI9121,Bowen,Jamaica,2021-02-22 12:24:38,se debe cargar petroleo,
629,9,HI3831,Brevdrageren,Belgica,2020-10-05 00:09:48,,2020-10-05 19:47:14
630,46,OO2266,druida,Qatar,2014-12-29 01:14:48,descaraga de pescados,
631,52,SG9128,Avanzar,Japon,2019-09-18 15:32:57,descarga de cointainers,
632,112,QA2495,Acertif,Nueva Zelanda,2011-05-01 11:59:02,,2011-05-12 07:01:16
633,134,OT5458,Aconito,Mexico,2021-02-17 20:04:29,,2021-02-18 15:17:13
634,110,OI4579,Gulnare,Egipto,2015-04-18 04:40:22,,2015-05-01 04:36:05
635,11,XK7318,Acacia,Argentina,2016-02-24 06:52:22,descaraga de pescados,
636,194,NT2280,Premio Dreadnought,Colombia,2019-09-05 14:26:48,se debe descargar petroleo,
637,193,WC8293,Campanilla,Australia,2021-04-10 01:14:24,descaraga de pescados,
638,110,UH1378,Albian,Sudafrica,2020-04-07 23:21:02,,2020-04-15 20:02:38
639,164,MZ2239,Blickling,Egipto,2020-01-03 05:20:39,,2020-01-12 21:10:53
640,59,GS9404,Bramham,Filipinas,2017-04-11 01:34:11,descarga de cointainers,
641,202,HE5247,Negrita,Polonia,2014-06-04 23:01:19,,2014-06-13 22:03:30
642,161,NN2774,Drochterland,Tailandia,2016-02-17 05:29:33,descarga de cointainers,
643,192,WC8293,Campanilla,Australia,2021-07-07 04:10:59,descaraga de pescados,
644,175,YX2002,Valiente,Islas Malvinas,2010-04-09 03:10:59,descaraga de pescados,
645,36,WC8293,Campanilla,Australia,2020-05-11 05:56:41,,2020-05-19 03:29:05
646,37,RO9221,Descarado,Cuba,2017-02-07 07:58:45,se debe cargar petroleo,
647,189,OM4230,Blyth,Paraguay,2017-08-16 00:48:00,,2017-08-20 21:04:54
648,137,MY3367,Zarza,Portugal,2013-09-28 05:28:44,,2013-10-08 01:55:15
649,183,LF8633,Blenheim,Suiza,2021-02-05 06:36:21,,2021-02-18 20:59:01
650,207,RH8308,Agrega un,Dinamarca,2011-01-20 11:09:52,descarga de cointainers,
651,100,CI3218,Agamenon,Siria,2014-10-18 16:28:55,,2014-10-25 14:37:30
652,214,MJ4934,Brantingham,Ecuador,2010-11-01 03:48:44,,2010-11-16 01:29:47
653,137,XG4556,Rubia,Nicaragua,2020-09-28 00:55:22,,2020-09-28 16:11:26
654,7,LD3618,Braak,Republica Dominicana,2020-12-26 01:41:59,,2020-12-27 00:14:32
655,44,VI4743,Calypso,Canada,2021-08-30 23:05:53,,2021-08-31 15:47:15
656,32,HV2199,acasta,Mexico,2020-05-06 04:15:58,,2020-05-18 20:14:28
657,40,KC2936,Agua Negra,Noruega,2014-11-06 13:03:28,se debe descargar petroleo,
658,161,IW2489,Eolo,Australia,2019-06-02 04:32:37,descaraga de pescados,
659,41,YW8268,britanico,Cuba,2021-08-25 20:21:18,,2021-08-26 12:47:30
660,11,KH8053,Premio Dover,Belgica,2018-05-09 13:00:52,descaraga de pescados,
661,104,HE8199,Brampton,Jamaica,2019-06-25 07:43:17,,2019-07-08 01:38:10
662,55,DS0478,Penelope,Chile,2010-10-30 22:46:07,carga de cointainers,
663,197,DQ3759,Branlebas,India,2021-08-26 07:10:36,,2021-09-04 02:03:42
664,120,LN8777,Bridlington,Tailandia,2021-07-19 09:29:37,descaraga de pescados,
665,128,YT2845,gitano,Mexico,2015-06-27 16:59:57,,2015-07-06 08:21:17
666,27,IG9597,Aetna,Indonesia,2020-09-11 01:25:05,descaraga de pescados,
667,50,VH2584,Boreas,Ecuador,2020-11-20 22:55:06,,2020-11-21 21:16:40
668,162,XG7925,Albemarle,Filipinas,2016-05-31 20:40:27,carga de cointainers,
669,102,RV9799,Blanche,Dinamarca,2016-03-11 12:46:57,se debe descargar petroleo,
670,109,CE1914,downham,Corea,2013-08-03 15:08:45,,2013-08-07 13:42:00
671,171,YB1434,Boyne,Belgica,2021-04-30 19:32:56,descaraga de pescados,
672,200,QI7769,Albanaise,Japon,2013-08-08 13:53:47,se debe cargar petroleo,
673,28,GF5994,Alcantara,España,2013-06-01 04:25:58,se debe descargar petroleo,
674,29,MZ9845,Blakeney,Italia,2011-08-28 09:06:19,,2011-09-06 03:18:10
675,107,PB7290,Drogheda,Reino Unido,2021-08-21 12:59:05,descaraga de pescados,
676,177,SU8617,Trenza,Belgica,2020-01-27 12:15:10,se debe cargar petroleo,
677,10,EE2109,Premio dragon,Nueva Zelanda,2017-03-13 03:39:35,,2017-03-18 20:50:04
678,77,ST8633,Aberford,Mexico,2011-03-16 06:25:08,descaraga de pescados,
679,124,OM4230,Blyth,Paraguay,2018-02-13 21:11:18,se debe cargar petroleo,
680,39,IH6707,Boston,Nicaragua,2016-03-05 14:04:19,descaraga de pescados,
681,171,MJ4934,Brantingham,Ecuador,2018-07-12 02:12:58,descaraga de pescados,
682,153,AL8743,Adelaide,Filipinas,2021-08-14 23:55:17,se debe descargar petroleo,
683,122,RQ2918,Libelula,Dinamarca,2011-03-11 16:36:01,,2011-03-21 07:21:29
684,198,PZ3477,Afridi,Nicaragua,2017-12-16 11:18:16,descarga de cointainers,
685,138,RQ2918,Libelula,Dinamarca,2012-05-28 04:12:50,descaraga de pescados,
686,107,GT9752,Albrighton,España,2018-10-26 15:00:03,se debe descargar petroleo,
687,95,XN4914,Agudo,Peru,2018-12-17 08:24:34,carga de cointainers,
688,24,GF5994,Alcantara,España,2021-08-17 21:40:15,se debe descargar petroleo,
689,141,PZ1913,Conductor,Nueva Zelanda,2012-03-02 00:30:27,carga de cointainers,
690,127,DA9671,Botha,Suiza,2017-07-27 00:42:30,descaraga de pescados,
691,80,PV7666,Boulogne,Austria,2010-08-24 15:22:43,se debe cargar petroleo,
692,85,BN3951,brigandine,Italia,2020-11-06 19:02:59,descarga de cointainers,
693,142,OB9598,Albuera,Vietnam,2020-04-09 10:55:59,se debe descargar petroleo,
694,142,DY6365,Dubford,Irlanda,2017-02-15 15:26:49,carga de cointainers,
695,102,OI4579,Gulnare,Egipto,2015-12-11 19:23:14,descarga de cointainers,
696,55,TS8958,Castillo bridgnorth,Indonesia,2014-02-23 00:48:07,descaraga de pescados,
697,66,SQ8557,Terrible,Vietnam,2021-01-28 17:32:29,,2021-02-06 13:23:17
698,109,XN4914,Agudo,Peru,2015-11-27 17:22:07,,2015-12-03 09:04:13
699,143,UZ5981,Brissenden,Cuba,2013-04-09 10:54:58,,2013-04-23 10:10:16
700,152,ZP4420,magnolia,Chile,2019-09-14 22:39:09,carga de cointainers,
701,120,TJ7818,Blankney,Portugal,2021-07-04 22:26:56,se debe cargar petroleo,
702,144,WC2925,briseis,Costa Rica,2021-08-10 02:53:54,carga de cointainers,
703,211,ZX2922,Abbotsham,India,2017-02-21 11:24:57,descaraga de pescados,
704,68,EE2109,Premio dragon,Nueva Zelanda,2014-02-10 16:41:30,carga de cointainers,
705,60,HH5023,Bolebroke,Republica Dominicana,2021-02-25 23:56:28,,2021-02-26 14:39:24
706,7,MW6341,Albert,Tailandia,2021-07-17 08:15:30,,2021-07-17 22:25:31
707,21,ZP4420,magnolia,Chile,2020-09-20 07:06:13,descarga de cointainers,
708,175,GT9752,Albrighton,España,2019-04-03 05:34:34,se debe descargar petroleo,
709,7,YB8271,Premio consejos,Siria,2020-11-19 07:20:07,,2020-11-20 06:03:40
710,151,PB7290,Drogheda,Reino Unido,2011-11-26 15:57:21,descaraga de pescados,
711,132,GS9663,broadwater,Polonia,2015-01-28 18:16:28,descarga de cointainers,
712,24,OC4762,Actividad,Finlandia,2021-09-04 00:12:14,descaraga de pescados,
713,119,MN4984,Bombay,Japon,2021-08-28 16:30:02,se debe descargar petroleo,
714,112,RH8308,Agrega un,Dinamarca,2020-09-17 01:03:48,,2020-09-28 17:36:59
715,119,QD4440,Abrams Oferta,Estados Unidos,2010-03-17 21:01:08,se debe descargar petroleo,
716,41,EI5834,Bourdelais,Polonia,2020-11-14 09:17:09,,2020-11-20 08:05:35
717,80,DS0478,Penelope,Chile,2011-11-01 03:22:38,descarga de cointainers,
718,28,IF9396,Braave,Portugal,2010-10-15 06:52:13,se debe cargar petroleo,
719,193,WD8846,Blake,Noruega,2010-12-17 02:19:14,descarga de cointainers,
720,7,WF3051,Brereton,Singapur,2017-05-05 00:49:56,,2017-05-16 15:40:46
721,78,OF1501,Blaxton,Noruega,2020-12-31 07:41:33,descaraga de pescados,
722,55,DT6703,Britania,Finlandia,2012-01-07 22:59:27,se debe descargar petroleo,
723,22,RP8314,brantford,Ecuador,2010-10-10 09:18:56,descarga de cointainers,
724,191,CV4539,Boreham,Islas Malvinas,2013-03-31 22:13:10,,2013-04-15 15:18:40
725,172,WF3051,Brereton,Singapur,2020-12-09 13:19:00,carga de cointainers,
726,8,BN3951,brigandine,Italia,2011-06-17 14:16:00,,2011-07-02 14:06:50
727,39,XH5466,Frontera,Australia,2013-04-11 07:27:40,descarga de cointainers,
728,165,PK9613,Dromio,Paraguay,2021-04-01 23:36:05,descarga de cointainers,
729,114,LF8633,Blenheim,Suiza,2015-08-13 13:42:43,se debe descargar petroleo,
730,213,PK9613,Dromio,Paraguay,2020-12-10 02:59:10,,2020-12-10 18:23:32
731,37,OO2266,druida,Qatar,2011-01-26 20:26:34,descaraga de pescados,
732,84,QL4591,albacora,Siria,2021-07-08 05:07:37,carga de cointainers,
733,91,EG8528,Abrahan,Brasil,2021-02-01 08:37:44,,2021-02-05 01:33:28
734,215,RQ2918,Libelula,Dinamarca,2016-09-14 19:32:09,descaraga de pescados,
735,186,VI7863,Esclava,Chile,2021-07-07 12:44:23,descarga de cointainers,
736,39,UO8744,Brezo,Paraguay,2011-07-31 23:05:51,descaraga de pescados,
737,61,RJ2733,Almirante Devries,Estados Unidos,2013-05-02 02:30:12,se debe descargar petroleo,
738,61,MJ4934,Brantingham,Ecuador,2018-01-31 08:22:56,descaraga de pescados,
739,86,VI7863,Esclava,Chile,2018-12-29 16:46:27,carga de cointainers,
740,180,UJ2611,Bouclier,Islas Malvinas,2021-07-08 22:43:04,,2021-07-13 17:48:33
741,212,AU6167,Affleck,Argentina,2021-06-09 18:51:26,carga de cointainers,
742,24,RP8314,brantford,Ecuador,2019-07-17 10:34:52,carga de cointainers,
743,143,AU5998,Abigail,Irlanda,2013-06-10 02:55:51,,2013-06-24 23:23:40
744,189,PJ8392,Buenaventura,Republica Dominicana,2017-01-17 23:35:43,,2017-01-21 19:35:34
745,202,MN1612,Madera negra,Italia,2020-06-26 17:04:15,,2020-07-11 13:40:16
746,89,JR2308,britomart,Tailandia,2020-11-11 15:25:27,descaraga de pescados,
747,42,QD4440,Abrams Oferta,Estados Unidos,2014-10-27 04:15:48,se debe descargar petroleo,
748,106,OT5458,Aconito,Mexico,2010-11-16 20:32:30,descarga de cointainers,
749,108,LR2069,Brecon,Panama,2010-12-31 13:06:02,,2011-01-07 06:01:22
750,94,CV4539,Boreham,Islas Malvinas,2012-11-27 02:59:57,,2012-12-03 17:42:50
751,66,RC8468,Borraja,Estados Unidos,2021-01-15 16:42:00,,2021-01-16 15:31:14
752,177,VT6220,Abisinia,Mexico,2011-03-03 21:17:50,descarga de cointainers,
753,144,ZX2922,Abbotsham,India,2011-03-04 02:02:06,descaraga de pescados,
754,31,EI5834,Bourdelais,Polonia,2020-06-30 15:19:36,,2020-07-06 11:41:06
755,26,HI7513,Brayford,Suiza,2020-11-26 01:50:22,se debe descargar petroleo,
756,141,GM1638,Afrikander,Islas Malvinas,2010-08-24 05:00:58,descaraga de pescados,
757,84,IH6707,Boston,Nicaragua,2021-06-13 22:33:59,descaraga de pescados,
758,69,OF5956,Adur,Egipto,2018-07-29 23:05:46,,2018-08-06 18:21:44
759,123,ST8633,Aberford,Mexico,2020-07-27 04:01:36,descaraga de pescados,
760,135,HV2199,acasta,Mexico,2016-04-27 13:11:29,,2016-05-03 09:37:31
761,191,ZP4420,magnolia,Chile,2018-09-23 11:20:23,,2018-10-03 10:03:39
762,54,CC4639,Energico,Polonia,2020-10-22 15:52:56,descaraga de pescados,
763,20,LF8633,Blenheim,Suiza,2020-12-03 11:38:45,se debe descargar petroleo,
764,193,YT2845,gitano,Mexico,2011-03-22 06:00:07,descaraga de pescados,
765,113,IW2489,Eolo,Australia,2015-05-06 03:50:50,,2015-05-15 22:32:20
766,62,SG9128,Avanzar,Japon,2017-05-19 22:40:51,carga de cointainers,
767,201,BI5654,Consejo,Peru,2015-09-08 19:02:14,,2015-09-17 17:56:33
768,62,PP3724,Alaunia II,Portugal,2017-03-20 18:08:51,se debe cargar petroleo,
769,152,SM2508,Castillo bramber,Colombia,2014-08-07 16:57:10,carga de cointainers,
770,30,RQ2918,Libelula,Dinamarca,2021-04-02 16:19:54,,2021-04-03 08:30:06
771,80,KH8053,Premio Dover,Belgica,2021-02-05 13:21:00,descaraga de pescados,
772,168,EI5834,Bourdelais,Polonia,2020-12-19 01:51:44,,2020-12-19 18:13:05
773,169,HB3228,Habil,Singapur,2011-09-05 08:06:36,,2011-09-13 02:00:36
774,190,PR9667,Bendicion,Noruega,2021-02-25 14:34:53,descarga de cointainers,
775,109,GC3280,Acorazado,Islas Malvinas,2010-01-30 00:47:35,,2010-02-07 15:15:26
776,177,CC4639,Energico,Polonia,2013-07-28 16:07:22,descaraga de pescados,
777,150,PZ3477,Afridi,Nicaragua,2011-02-25 02:10:31,carga de cointainers,
778,153,ZV9679,Blean,Australia,2020-07-31 19:48:10,se debe descargar petroleo,
779,173,DC7834,Sable,Qatar,2017-04-22 15:49:59,descaraga de pescados,
780,77,YN4644,Bellota,Islas Malvinas,2019-01-01 02:45:04,descaraga de pescados,
781,14,AM9504,Chaqueta de sport,Paraguay,2015-05-19 04:47:56,descarga de cointainers,
782,199,HE7029,Adonis,India,2019-08-16 20:05:07,se debe cargar petroleo,
783,0,OI4579,Gulnare,Egipto,2020-12-10 21:07:04,carga de cointainers,
784,141,CE1914,downham,Corea,2012-05-30 19:26:13,se debe descargar petroleo,
785,165,PK9613,Dromio,Paraguay,2011-08-05 13:39:31,carga de cointainers,
786,199,KQ3854,Bravucon,Nicaragua,2013-06-19 05:05:59,descaraga de pescados,
787,34,PV7666,Boulogne,Austria,2013-01-11 15:15:49,,2013-01-18 08:24:13
788,77,VG7905,Brakel,Tailandia,2021-07-18 21:21:36,descarga de cointainers,
789,132,HV2199,acasta,Mexico,2016-12-29 17:00:50,carga de cointainers,
790,17,DV6261,Bridgewater,Belgica,2010-12-15 19:17:21,descaraga de pescados,
791,32,LN6036,Africaine,Republica Dominicana,2021-05-17 14:57:22,,2021-05-18 14:50:26
792,124,IT1233,Premio brillante,Filipinas,2019-12-21 22:50:57,descaraga de pescados,
793,163,PV7666,Boulogne,Austria,2016-08-08 21:12:33,se debe cargar petroleo,
794,160,LS5992,Abelardo,Costa Rica,2014-06-08 12:23:31,descaraga de pescados,
795,173,PA1651,Bumerang,Islas Malvinas,2014-04-05 11:29:55,descaraga de pescados,
796,134,WC2925,briseis,Costa Rica,2021-05-18 14:56:49,,2021-05-19 13:51:15
797,16,HB3228,Habil,Singapur,2020-12-07 04:22:22,se debe cargar petroleo,
798,89,VT2032,Asesor,Austria,2012-06-08 21:05:11,descaraga de pescados,
799,211,OF1501,Blaxton,Noruega,2021-04-06 00:21:38,descaraga de pescados,
800,182,DV6261,Bridgewater,Belgica,2021-06-02 13:07:11,,2021-06-03 08:39:04
801,170,ST8633,Aberford,Mexico,2021-05-26 21:00:42,descaraga de pescados,
802,121,EV7485,Bravo,Qatar,2018-10-11 04:54:28,se debe descargar petroleo,
803,40,FO3430,brearley,India,2019-12-27 20:24:43,descaraga de pescados,
804,181,SL2391,Alarma,Sudafrica,2021-06-30 03:51:12,,2021-06-30 18:09:34
805,62,SV9482,Bleasdale,Panama,2021-04-11 16:01:26,descaraga de pescados,
806,113,VI4743,Calypso,Canada,2020-09-11 18:03:29,,2020-09-12 12:04:52
807,87,RH8308,Agrega un,Dinamarca,2014-05-03 12:10:48,,2014-05-12 04:34:28
808,21,GJ5946,Breconshire,Noruega,2017-03-08 17:47:08,carga de cointainers,
809,67,RC8468,Borraja,Estados Unidos,2012-05-24 13:19:47,,2012-06-04 08:21:47
810,90,EB3227,Bossington,Peru,2014-07-01 08:53:57,se debe cargar petroleo,
811,23,DS0478,Penelope,Chile,2019-04-29 01:13:30,carga de cointainers,
812,38,YB8271,Premio consejos,Siria,2017-02-12 01:20:01,,2017-02-26 18:42:12
813,84,DA9671,Botha,Suiza,2013-09-15 21:11:56,descaraga de pescados,
814,123,YB1434,Boyne,Belgica,2017-03-02 11:32:05,descaraga de pescados,
815,132,GS7205,Aventuras,España,2018-10-08 01:43:35,descaraga de pescados,
816,27,UL8619,blencathra,India,2013-03-09 14:02:05,descaraga de pescados,
817,154,QC1164,Generosidad,España,2020-11-21 03:49:49,se debe descargar petroleo,
818,164,FI2331,Bolton Castle,Austria,2018-07-27 06:46:22,,2018-08-06 23:44:11
819,135,FO3430,brearley,India,2018-12-25 22:12:53,,2019-01-07 14:50:54
820,59,RO9221,Descarado,Cuba,2012-12-20 23:03:27,se debe descargar petroleo,
821,73,HK6767,Bridport,Sudafrica,2017-08-05 05:38:57,se debe cargar petroleo,
822,37,HB3228,Habil,Singapur,2020-10-17 21:47:40,se debe descargar petroleo,
823,182,ZC6249,Pato,Brasil,2021-05-05 05:11:36,,2021-05-06 03:51:06
824,176,YP3858,Sumador,Nicaragua,2015-06-17 22:38:12,,2015-06-25 15:51:56
825,156,DC7834,Sable,Qatar,2013-10-17 17:36:32,descaraga de pescados,
826,130,EX4705,Firme,Japon,2010-12-17 10:28:04,se debe cargar petroleo,
827,124,VT2032,Asesor,Austria,2021-04-30 02:43:38,descaraga de pescados,
828,212,XP9141,Adan y Eva,Jamaica,2016-08-17 06:32:12,descaraga de pescados,
829,172,DK4889,Bristol,Portugal,2020-12-29 02:49:07,descarga de cointainers,
830,18,YB1434,Boyne,Belgica,2021-06-22 18:14:59,,2021-06-23 12:34:44
831,80,KC2936,Agua Negra,Noruega,2010-06-15 06:57:36,se debe descargar petroleo,
832,181,VI4743,Calypso,Canada,2014-06-14 17:59:20,,2014-06-20 09:29:04
833,131,VX5561,Abundancia,Estados Unidos,2015-10-04 05:37:15,,2015-10-14 04:12:50
834,14,YT2845,gitano,Mexico,2021-08-24 16:17:28,descaraga de pescados,
835,151,LD3618,Braak,Republica Dominicana,2012-01-30 17:41:19,se debe descargar petroleo,
836,15,YG2900,Almirante Farragut,Sudafrica,2020-10-25 01:00:16,,2020-10-25 20:15:26
837,193,BN4195,acheron,Costa Rica,2014-12-27 01:19:40,descarga de cointainers,
838,10,RP8314,brantford,Ecuador,2012-02-01 16:00:51,,2012-02-08 13:07:44
839,143,PJ8392,Buenaventura,Republica Dominicana,2016-03-27 11:33:13,,2016-04-03 07:04:38
840,119,DV6261,Bridgewater,Belgica,2018-07-01 13:26:15,descaraga de pescados,
841,187,OO2266,druida,Qatar,2020-12-07 09:39:30,,2020-12-20 06:31:59
842,86,BN3951,brigandine,Italia,2014-03-13 17:17:39,carga de cointainers,
843,165,UO8744,Brezo,Paraguay,2013-10-22 04:52:19,descaraga de pescados,
844,17,JD8184,Refriega,Mexico,2017-08-25 02:24:02,se debe cargar petroleo,
845,82,QJ6353,Alamein,Peru,2011-05-11 11:56:12,,2011-05-25 05:46:30
846,20,FN4513,Brinkley,Qatar,2014-10-06 07:07:24,carga de cointainers,
847,185,PP3724,Alaunia II,Portugal,2018-11-01 23:11:19,se debe cargar petroleo,
848,35,LS5992,Abelardo,Costa Rica,2019-07-13 17:35:12,,2019-07-24 11:49:01
849,95,DA9671,Botha,Suiza,2020-12-02 17:01:05,descaraga de pescados,
850,37,NN2774,Drochterland,Tailandia,2020-11-09 07:12:28,descarga de cointainers,
851,93,QA2495,Acertif,Nueva Zelanda,2021-07-28 06:47:43,,2021-07-28 21:35:19
852,179,FM3163,Albany,Finlandia,2021-01-08 17:15:02,,2021-01-09 07:25:42
853,143,HI7513,Brayford,Suiza,2020-11-18 13:16:56,,2020-11-22 08:42:18
854,14,UH1378,Albian,Sudafrica,2019-08-02 19:14:01,se debe cargar petroleo,
855,193,KH8053,Premio Dover,Belgica,2019-01-17 08:45:59,descaraga de pescados,
856,151,XP9141,Adan y Eva,Jamaica,2012-11-04 17:31:26,descaraga de pescados,
857,61,RW4421,Downley,Suiza,2014-07-19 18:11:01,se debe descargar petroleo,
858,179,NX3376,Albatros,Egipto,2012-07-19 01:41:47,,2012-08-02 16:09:23
859,31,AY3986,Bradfield,Islas Malvinas,2020-07-15 03:32:51,,2020-07-24 18:25:05
860,80,WX5990,Bogam,Argentina,2017-08-13 05:59:37,carga de cointainers,
861,162,YP3858,Sumador,Nicaragua,2021-04-07 19:57:46,descaraga de pescados,
862,134,EG8528,Abrahan,Brasil,2020-11-28 20:50:03,,2020-11-29 16:13:29
863,191,AY3986,Bradfield,Islas Malvinas,2010-11-10 06:32:49,,2010-11-15 23:44:09
864,179,DY6365,Dubford,Irlanda,2021-04-03 01:49:47,,2021-04-04 01:02:09
865,24,MN1612,Madera negra,Italia,2015-01-15 19:06:23,descaraga de pescados,
866,78,NQ5495,Brighton,Panama,2021-03-16 14:54:25,se debe descargar petroleo,
867,163,PB7290,Drogheda,Reino Unido,2020-08-06 07:17:14,descaraga de pescados,
868,124,PJ3020,bowmanville,Japon,2021-07-09 01:26:55,se debe cargar petroleo,
869,0,KQ3854,Bravucon,Nicaragua,2020-09-17 20:34:36,descaraga de pescados,
870,149,HW2014,Sabueso,Colombia,2017-06-05 17:58:59,descaraga de pescados,
871,25,RK9162,Brigham,Argentina,2017-12-07 06:39:23,,2017-12-19 23:14:29
872,9,YN4644,Bellota,Islas Malvinas,2021-02-24 21:31:19,,2021-03-10 15:57:29
873,125,AM9504,Chaqueta de sport,Paraguay,2014-03-22 19:05:39,descarga de cointainers,
874,113,RC8468,Borraja,Estados Unidos,2017-05-30 03:38:16,,2017-06-12 18:38:29
875,172,KY2131,alberni,Paraguay,2013-07-24 00:33:44,carga de cointainers,
876,35,GM1638,Afrikander,Islas Malvinas,2021-08-16 23:53:29,,2021-08-28 17:29:51
877,111,HH5023,Bolebroke,Republica Dominicana,2019-04-11 20:43:12,,2019-04-20 17:52:59
878,111,HV2199,acasta,Mexico,2010-09-14 12:54:33,,2010-09-29 06:00:04
879,128,NQ5495,Brighton,Panama,2019-03-07 01:50:08,,2019-03-18 18:16:06
880,63,DQ3759,Branlebas,India,2015-06-16 13:31:45,,2015-06-28 11:07:19
881,94,FU8868,Alberta,Panama,2011-08-25 20:48:53,,2011-09-04 13:12:21
882,56,GO7311,Ventaja,Australia,2021-02-02 03:02:08,,2021-02-02 18:47:16
883,73,BI5654,Consejo,Peru,2016-12-23 15:19:51,descarga de cointainers,
884,153,PJ3020,bowmanville,Japon,2021-07-22 17:00:32,se debe cargar petroleo,
885,185,WK4832,Brixham,Brasil,2013-05-26 12:29:53,se debe descargar petroleo,
886,103,ON7101,Abundante,Argentina,2021-07-08 01:12:54,carga de cointainers,
887,98,OF1501,Blaxton,Noruega,2013-09-05 14:23:50,descaraga de pescados,
888,149,PP3724,Alaunia II,Portugal,2013-02-04 01:35:43,se debe descargar petroleo,
889,74,LA5643,abergavenny,Siria,2016-02-11 09:24:29,,2016-02-24 05:19:45
890,75,IJ4552,Bonetta,Mexico,2018-11-27 18:54:41,,2018-12-09 10:29:06
891,77,AL1557,Boadicea,Dinamarca,2015-04-14 00:14:04,descarga de cointainers,
892,61,QJ6353,Alamein,Peru,2013-09-15 03:57:09,se debe descargar petroleo,
