rut,nombre,edad,sexo
46251263-5,Catalina Luna,90,F
92310665-0,Sergio Galaz,47,M
77837095-6,Catalina Patiño,55,F
66922079-0,Nicolas Henriquez,70,F
79464991-k,Magdalena Santibañez,74,M
22997103-4,Lisandro Pinto,42,F
61890115-7,Leonardo Bucarei,42,M
45347413-5,Sofia Peña,29,M
54864080-6,Valentina Gutierrez,75,M
86447590-6,Simoney Mora,26,M
45355149-0,Martin Bustos,54,M
19942007-0,Diego Caniullan,89,M
79263691-8,Yanara Carrasco,39,F
32165632-3,Karla Castillo,38,F
66760004-9,Yaimara Cisternas,83,M
49326776-0,Pamela Figueroa,91,F
97804380-1,Aritza Flores,67,F
83399209-0,Giordano Flores,20,M
86260284-6,Danae Gamboa,95,F
19209075-k,Diego Guajardo,74,F
31653150-4,Bayron Guzman,84,F
64100872-9,Gabriela Jimenez,26,M
72629258-2,Orlando Moraga,56,M
17263415-k,Matias Moreno,13,F
18208603-7,Matias Painequeo,85,F
90414316-2,Sayenn Pavez,26,F
16045471-7,Gonzalo Pino,88,F
28792266-3,Benjamin Quilacon,37,M
68353685-7,Millaray Ramos,56,M
99428020-1,Aaron Roa,83,F
24840265-2,Martin Rojas,66,M
79850677-3,Yael Salcedo,81,M
95741388-9,Caceres San,57,F
77210598-3,Lucas Santibañez,63,M
96187015-1,Luis Torres,57,F
68120110-6,Zithlali Ulloa,28,M
56619171-7,Javiera Vasquez,66,M
51616764-5,Jorge Zumelzu,15,F
60916764-5,Alan Aceiton,97,M
81252987-0,Paz Aguayo,41,F
59192155-k,Flores Al,67,M
41391265-2,Lucas Araya,81,M
76041278-3,Daniela Arriagada,75,F
78158392-8,Benjamin Barria,43,F
49995619-3,Franco Benavides,97,F
37156185-4,Genesis Cardenas,59,F
85410626-0,Sergio Cardenas,24,M
10116173-0,Antonio Carrasco,72,M
88757035-3,Ian Carrera,30,F
68583239-9,Barbara Carvajal,42,M
35492826-4,Ignacio Castillo,59,M
86683089-4,Alondra Chamorro,91,F
28320055-8,Francisca Colima,67,M
86043030-4,Constanza Conejeros,87,F
27604578-4,Ivanna Contreras,44,F
35412165-4,Martin Flores,78,F
80869010-1,Constanza Gomez,40,M
86555166-5,Franco Gomez,34,F
61036645-7,Javiera Grandon,10,M
40373818-2,Javier Hurtado,84,F
24149278-8,Lucas Jara,84,F
43161018-3,Benjamin Jeria,95,F
67938721-9,Felipe Jilberto,16,M
18768050-6,Constanza Jorquera,32,M
49881324-0,Javiera Lizama,54,M
36578275-k,Catalina Lopez,28,F
92505908-0,Isidora Loyola,83,M
16483997-4,Bruno Mardones,36,M
91957885-8,Antonella Molina,53,F
85930746-9,Escarlet Morales,31,M
43630977-5,Javier Moya,30,F
70876733-6,Xavier Oyarzun,62,M
36731956-9,Silvio Peralta,81,F
42127645-5,Yohao Portales,70,M
38158176-4,Cesia Ramos,85,F
48292072-1,Francisca Reyes,33,F
86434438-0,Benjamin Rodriguez,30,F
62974576-9,Juan Sanchez,86,F
71881591-6,Constanza Sepulveda,53,M
16670974-1,Lucas Vasquez,74,M
19027799-2,Matias Vega,52,M
36669949-k,Isidora Villarroel,98,F
58179139-9,Victoria Adasme,75,M
80146994-9,Alonso Agurto,41,F
34902561-2,Carlos Antifil,99,M
27811535-6,Maria Aranda,34,F
37653211-9,Ignacio Arias,17,M
78734770-3,Rocio Bernales,95,M
82260254-1,Amaro Bravo,70,F
92253121-8,Sebastian Bustos,34,M
53325503-5,Jacob Cartes,98,M
27423756-2,Martin Celis,84,M
56840142-5,Noelia Cid,21,M
99233768-0,Hugo Cordova,37,M
95541819-0,Rocio Cuello,30,M
61773216-5,Monserrat Echeverria,28,M
13635178-8,Fernando Escobar,14,M
93310611-k,Emily Farias,40,M
85073231-0,Isidora Fernandez,89,M
41601315-2,Antonella Garrido,49,F
98121429-3,Conzuelo Gonzales,82,M
80511365-0,Josefa Huaiquil,53,F
62815723-5,Millaray Jimenez,88,M
33734821-1,Alondra Llanquiman,30,M
25806104-7,Fernando Lopez,76,M
23514054-3,Valeria Martinez,74,F
72309503-4,Alexia Matus,18,F
48908396-5,Martin Neculman,51,F
71198104-7,Isidora Orellana,90,M
76534733-5,Luis Pacheco,37,M
73222374-6,Carlos Pinto,31,F
28597225-6,Diego Plaza,25,F
32700742-4,Francisca Roblero,97,F
28118803-8,Padme Rodriguez,47,M
34572846-5,Benjamin Saavedra,34,F
42723522-k,Millaray Salazar,65,F
15591154-9,Deyanira Santander,73,F
16636734-4,Yasmin Suarez,73,F
63795324-9,Paloma Sucarrat,87,M
65538426-k,Kitzy Vega,53,F
62942419-9,Enygger Videla,45,M
33236616-5,Simona Vilches,98,F
31679088-7,Cristobal Yanka,44,M
82581279-2,Abigail Alarcon,48,F
35069575-3,Pablo Salazar,52,M
99927220-7,Antonio Salinas,83,M
70106627-8,Leandro Aravena,34,M
43953571-7,Anais Oyarzon,77,F
51194123-7,Victoria Toloza,73,F
75490842-4,Dominique Contreras,71,M
64336012-8,Alessandro Pizarro,25,M
54023774-3,Andrea Aguilar,11,F
45008209-0,Yadhira Cifuentes,97,F
40538537-6,Millaray Meza,89,F
12187269-2,Kiara Moya,46,F
27952560-4,Celine Yañez,74,M
55823148-3,Andrea Sanhueza,67,F
67978268-1,Danitza Castro,77,F
99070181-4,Shantal Muñoz,75,F
50042631-4,Isidora Bravo,16,F
99466469-7,Matias Pichulpil,23,M
36664523-3,Kris Peña,12,F
44812887-3,Rayan Contreras,70,F
34643031-1,Yaritza Garcia,23,M
21759577-0,Ivan Sarmiento,47,M
32992512-9,Alexandra Carmona,86,F
85553386-3,Mairin Romero,26,M
45510769-5,Salome Orellana,83,M
45740927-3,Constanza Loyola,19,F
98849412-7,Alejandra Olguin,42,M
42300579-3,Alonso Carrasco,84,M
84921010-6,Cristobal Vallejos,90,F
51248373-9,Macarena Muñoz,54,M
38628283-8,Andres Diaz,49,F
78662700-1,Esteban Guzman,95,F
80703512-6,Andrea Alburquenque,24,M
37142311-7,Sofia Flores,83,M
97036167-7,Katalina Gonzales,17,F
53967694-6,Jesus Gonzales,72,M
23407008-8,Antonia Olivares,51,M
76494450-k,Isidora Pacheco,15,M
56229978-5,Francisca Cayupan,43,M
40269415-7,Emiliano Figueroa,57,F
80592689-9,Alonso Dumont,18,M
52576933-k,Amaro Mondaca,87,F
71612139-9,Absalon Figueroa,32,F
23632306-4,Antonia Ortega,94,M
16413527-6,Josefa Alarcon,67,F
77489819-0,Alonso Farias,98,F
85301240-8,Matias Rodriguez,92,F
53721649-2,Alonso Toro,59,F
12655924-0,Andres Vergara,37,M
79154026-7,Noemi Castro,15,M
24115633-8,Adriana Jimenez,72,F
34917249-6,Miguel Martinez,47,M
85034590-2,Benjamin Cayul,94,M
19680912-0,Ignacio Mardones,69,M
40455577-4,Marcela Vargas,27,F
81401624-2,Andres Painenao,64,F
40978316-3,Gustavo Mena,95,F
77189827-0,Anibal Contreras,19,M
13093741-1,Javiera Vigouroux,38,M
26123513-7,Arturo Calabrano,82,M
12874915-2,Ignacio Huenuanca,28,M
15623590-3,Josue Donoso,32,F
45981588-0,Jesus Navarrete,44,M
82003178-4,Aaron Cares,86,F
29415476-0,Paz Muñoz,75,M
38631846-8,Antonia Elguezabal,88,F
61242043-2,Kathalina San,45,F
28954972-2,Ignacio Delgado,80,M
88094734-6,Andres Abarca,14,M
69163174-5,Alejandro Sarmiento,55,F
53042462-6,Alexander Peña,64,F
81330568-2,Samanta Marinao,60,M
86679007-8,Paola Quezada,19,M
83896534-2,Ignacio Barra,98,M
91210142-8,Ariel Iturra,44,F
72570829-7,Daniel Zuñiga,62,M
58044372-9,Catalina Jara,88,F
40640800-0,Venecia Campos,71,M
73324033-4,Fernanda Repol,84,F
80549244-9,Ignacia Galvez,89,F
40070443-0,Scarlett Pezoa,13,F
68377701-3,Jessica Reyes,59,M
20228556-2,De Rave,15,M
16264932-9,Daniel Blanco,36,F
80580088-7,Valentina Cancino,76,M
84167281-k,Claudio Carreño,39,F
93044599-1,Valentina Castillo,16,F
47922722-5,Gustavo Castro,22,F
41183684-3,Tamara Dealecio,50,F
94947578-6,Carla Farias,57,M
33890329-4,Fernanda Gajardo,59,F
91085975-7,Paula Gajardo,17,M
96562711-1,Isidora Garabito,95,F
52392092-8,Ignacia Gomez,79,F
91938760-2,Catalina Gonzalez,94,M
98518861-0,Daniela Gutierrez,90,M
72275204-k,Catalina Huentelaf,19,F
70388205-6,Bryan Jorquera,79,M
80924311-7,Diego Lopez,67,F
73031326-8,Matias Maldonado,79,M
66970190-k,Catalina Miranda,36,M
81641085-1,Catari Monsalves,30,F
17371278-2,Catalina Montero,92,F
72447098-k,Fernanda Montero,35,F
59161375-8,Matias Muñoz,24,M
14106853-9,Javiera Peralta,30,F
94506083-2,Ariana Perez,57,M
24878659-0,Joaquin Pinto,45,M
23937155-8,Nelson Quezada,69,F
79407634-0,Ignacio Quiroz,68,M
27083103-6,Giancarlo Roblero,94,M
77757931-2,Barbara Sanchez,35,M
21290952-1,Paolo Silva,24,M
79695896-0,Emilio Soto,89,M
89512502-4,Yacyara Soza,22,M
31256887-k,Jacob Torres,36,F
46067685-1,Catalina Urquiza,83,F
58143457-k,Alejandra Valdes,85,F
69719019-8,Catalina Valencia,57,F
81207716-3,Catalina Vasquez,49,M
92394961-5,Juan Veas,22,M
99149710-2,Yael Vera,91,M
92851961-9,Karla Villablanca,63,M
22637365-9,Diego Villegas,64,M
41694611-6,Javiera Alarcon,68,F
28231652-8,Vicente Alarcon,19,M
97321798-4,Benjamin Ancacura,86,F
35773530-0,Alan Armijo,47,F
73745994-2,Daniela Arraño,50,M
32644502-9,Kharla Astudillo,99,F
62220169-0,Sayuri Bahamondes,85,M
69020528-9,Dylan Campos,87,F
62887150-7,Angelo Caniuñir,12,F
16687104-2,Nazaret Carreño,91,F
51630030-2,Fabiano Carte,52,M
47249752-9,Mateo Contreras,50,F
55868629-4,Martina Cuevas,70,F
75766984-6,Agustin Farias,36,F
32817993-8,Isidora Galvez,30,M
83538271-0,Gabriela Garay,22,M
80628376-2,Valentina Gomez,48,M
44422964-0,Bastian Lagos,35,M
31691559-0,Esteban Leiva,72,F
31457093-6,Barbara Lincopan,74,M
61863167-2,Loreto Luna,48,F
91051274-9,Matias Marillan,32,M
81019249-6,Matias Momberg,96,F
75106425-k,Benjamin Mondaca,85,M
52581344-4,Andres Mora,34,F
13700503-4,Josue Moreno,28,F
45677093-2,Krishna Ordoñez,31,M
18912034-6,Iahn Oyarce,42,M
22876040-4,Trinidad Peralta,16,F
29742884-5,Constanza Quezada,51,M
13295853-k,Genesis Ramirez,15,M
22252251-k,Katherine Retamal,94,M
53642790-2,Yamna Reyes,48,F
83481742-k,Fernanda Salinas,85,M
84095044-1,Benjamin Sanchez,78,M
98544321-1,Francisca Sanchez,55,F
96404014-1,Yaen Sanhueza,36,F
37731534-0,Benjamin Soto,28,F
55676647-9,Kathya Spedaletti,97,M
48766480-4,Bastian Tapia,69,M
15119459-1,Fernanda Vargas,16,M
76849115-1,Camilo Zambrano,13,F
15765031-9,Barbara Zuñiga,10,M
32726853-8,Camila Aburto,26,M
59260036-6,Valentina Aliaga,96,M
19130484-5,Camila Arancibia,36,M
57325256-k,Javier Aravena,45,M
80356838-3,Diego Arce,93,F
10119008-0,Javiera Barrera,95,M
57437538-k,Nayelit Brantes,41,M
80092681-5,Tamara Candia,24,M
40503382-8,Dania Carreño,29,F
14292252-5,Constanza Castillo,55,M
24215497-5,Constanza Diaz,72,M
60987705-7,Jose Espina,19,F
59959821-9,Rodrigo Figueroa,10,M
97418193-2,Fernanda Gonzales,77,M
88034198-7,Daniela Habibe,36,M
56725663-4,Gloria Herrera,66,M
54157127-2,Thaira Hormazabal,74,F
48979148-k,Kiomara Huinca,13,F
30492842-5,Barbara Jara,21,F
84671162-7,Javiera Jaramillo,48,F
57342278-3,Maria Martinez,84,F
73540572-1,Tiare Miranda,55,M
48762156-0,Constanza Morales,80,M
58509457-9,Sebastian Moya,89,F
58188294-7,Fabian Muñoz,12,F
25844754-9,Valentina Muñoz,58,M
29903675-8,Lucas Nuñez,95,M
66844166-1,Vania Peña,45,M
32273643-6,Dylan Perez,77,M
80353279-6,Damary Pichulman,68,M
29622397-2,Francisca Pinto,26,M
78897889-8,Danae Poblete,94,F
58846331-1,Paula Quintrel,60,F
71652443-4,Camilo Roblero,78,F
90243628-6,Vicente Saez,36,F
84081575-7,Crichna Salazar,19,F
14114400-6,Elias Sanzana,87,F
83905334-7,Esteban Schroder,30,M
89146700-1,Nicolas Soto,46,M
29622980-6,Nicolas Urriola,20,F
20168747-0,Aylin Valdes,69,F
38725184-7,Damaris Venegas,30,M
28450511-5,Benjamin Vera,96,F
81018273-3,Monserrat Vidal,72,M
10742402-4,Anais Aguirre,54,M
85384785-2,Isaac Andrades,65,M
30001031-8,Karina Araos,29,F
48246125-5,Daniela Beroiza,67,F
48986292-1,Carolina Brevis,41,F
93892863-0,Camila Cabrera,55,M
52179815-7,Valentina Campos,22,M
19706256-8,Annais Caro,55,M
26196183-0,Abraham Carreño,27,F
11271286-0,Jael Cornejo,56,F
48998776-7,Aaron Cornejo,78,F
95521769-1,Matias Ferreira,47,M
55972471-8,Matias Fuentes,32,M
95487734-5,Alexandra Garay,58,M
63814706-8,Yahir Garrido,43,M
43597800-2,Justin Godoy,79,F
95403427-5,Camila Gonzalez,10,F
56914123-0,Natalia Henriquez,76,F
95623149-3,Jorge Hidalgo,87,F
37126798-0,Francisca Huenufil,47,F
92270331-0,Maria Jilberto,17,F
46288331-5,Cristhian Jimenez,94,F
90505307-8,Isidora Jimenez,13,F
95810168-6,Martin Leiva,73,M
94006732-4,Martina Leiva,62,M
61336127-8,Andres Lucero,81,M
32142510-0,Gamadiel Marin,73,M
21188032-5,Saad Sierra,18,F
64660903-8,Teigan Phelps,29,F
17677635-8,Chiara Howell,35,F
21332506-k,Nishat Greig,42,F
36615636-4,Niam Snider,50,M
30741496-1,Tasnim Rutledge,57,M
18970874-2,Henna Cantu,24,F
33491402-k,Amira Wong,28,F
47342099-6,Annaliese Ford,37,M
73815426-6,Marco Waters,21,M
19528671-k,Marian Spence,57,M
51844875-7,Amy Sharples,38,M
17327495-5,Eamonn Redfern,48,M
82719046-2,Katarina Chang,54,M
79873843-7,Annabelle Poole,40,M
66227912-9,Donte Salgado,40,F
44715611-3,Sufyan Rollins,44,M
71134226-5,Gracey Day,18,F
89260929-2,Otto Lindsay,25,M
72620651-1,Murphy Melendez,26,M
33908685-0,Marcel Mccarty,23,M
94221380-8,Lowri Henry,35,F
15823641-9,Juliet Goodman,43,F
39790970-0,Winnie Bloom,38,M
14736236-6,Baxter Bateman,46,F
17195049-k,Huda Sullivan,20,F
67710168-7,Ravi Avila,58,M
21201270-k,Hamza Carson,22,M
16833235-1,Faizaan Gilmour,44,F
32273167-1,Saoirse Tang,54,M
90922919-7,Harvey Marsden,35,F
60028335-9,Ehsan Liu,19,F
52968708-7,Orlaith Collier,60,F
57689116-4,Marcia Berg,27,F
10094201-1,Kamron Moran,39,F
85779616-0,Colin Rosario,24,F
15683276-6,Darrell Barnes,20,M
14825989-5,Akbar Healy,50,M
65207641-6,Valentino Gilliam,26,M
34761062-3,Damien Barnard,40,F
93600353-2,Jenna Wyatt,52,M
61627352-3,Chenai Lynch,33,F
33917878-k,Cleo Parsons,23,M
81311438-0,Meerab Shields,40,M
16506263-9,Asia Byers,54,F
48849361-2,Teejay Leon,45,M
23684561-3,Kelsie Vickers,29,M
12842111-4,Elisabeth Pickett,36,F
46524982-k,Tehya Curry,48,M
54556015-1,Nabila Silva,40,F
22240154-2,Kaira Frey,52,F
72478850-5,Lila Barron,59,F
25107105-5,Xander Goodwin,22,F
69768825-0,Lexi Cairns,45,M
42644643-k,Keyan Rigby,53,M
54004386-8,Donald Gordon,53,F
55514185-8,Kaylen Yoder,34,M
34762796-8,Rehaan Acosta,40,M
55422937-9,Ahsan Moyer,35,M
11636170-1,Simrah Begum,18,F
45453849-8,Rio Haas,30,M
84539370-2,Dannielle Power,59,M
96900689-8,Adam Delarosa,26,M
44281327-2,Yousif Mccullough,34,M
74580276-1,Zakary Ingram,21,F
78160098-9,Jordana Haley,23,F
65346159-3,Kavan Holder,42,F
72800848-2,Kieren Peck,49,M
79757833-9,Fiona Estrada,41,F
79459402-3,Esme-Rose Sargent,41,F
80921370-6,Kathy Leal,35,F
90172937-9,Hassan Gilmore,23,F
47942200-1,Rose Larsen,52,M
42538060-5,Jorge Tillman,22,M
70582800-8,Devonte Needham,56,F
14982281-k,Fahad Richmond,23,F
90155266-5,Kynan Benson,56,M
96951878-3,Maison Rhodes,23,F
72159761-k,Cai Woodward,32,F
72430402-8,Dania Neal,23,M
66045545-0,Irene Contreras,56,M
91231636-k,Briony Whelan,37,M
86516801-2,Vishal Merrill,49,M
64750606-2,Brad Stewart,42,F
90966759-3,Mina Dougherty,26,F
31111145-0,Phebe Braun,55,M
16792411-5,Murray Britton,56,F
58765828-3,Jaxx Blaese,19,M
42216276-3,Una Glenn,40,M
91844038-0,Luke Hills,48,M
43926456-k,Yasser Wilkins,47,M
13965853-1,Emir Bird,40,M
14343597-0,Reema Page,45,M
41966463-4,Nigel Dickens,36,F
21219682-7,Priyanka Navarro,43,M
95541523-k,Dina Clark,23,M
68208732-3,Ali Childs,56,F
43831962-k,Ava-Rose O'Ryan,60,M
22234852-8,Talitha Mcloughlin,60,M
39089742-1,Lily-Anne Patel,36,F
92696219-1,Keane Morrison,28,F
69568679-k,Mayson Baird,48,M
91935122-5,Rhiann Cote,45,M
68133700-8,Lina Mclaughlin,45,F
42938886-4,Ayush Pace,58,F
11439340-1,Zeeshan Johnston,26,M
39899583-k,Dominykas Lutz,55,F
39949282-3,Rafi Kaiser,37,M
53644614-1,Maaria Major,41,F
19552470-k,Blanka Alford,34,F
18167947-6,Oliver Huff,47,F
72810804-5,Jobe Campos,54,F
44253237-0,Taylan Wilks,23,M
45026478-4,Rhea Gale,55,F
75576764-6,Eshaal Searle,47,F
64879120-8,Nazia Quintero,18,F
69373271-9,Joshua Vo,23,M
10517073-4,Chay Sutherland,22,F
98708700-5,Riaan Mays,48,F
58945079-5,Harvie Forbes,23,M
75270010-9,Safia Potts,22,F
98683815-5,Sidrah Mclellan,23,M
72939187-5,Josh Small,57,F
20297901-7,Nikkita Dodson,33,F
77209293-8,Rikki Hewitt,55,F
18665525-7,Jameson Valdez,23,M
50062649-6,Kornelia Drummond,46,M
85973291-7,Mina Hebert,54,F
51153844-0,Sami Suarez,59,M
54076655-k,Rex Mckenzie,30,M
94821886-0,Asha Mckee,38,F
36552322-3,Fleur Sheppard,50,F
32366948-1,Orla Mcclure,54,F
77477421-1,Lianne Mccoy,21,F
13572944-2,Logan Kramer,58,F
79725605-6,Aamina Bean,60,M
66183219-3,Zaynah Kennedy,29,M
40675138-4,Melvin Perez,34,M
23000993-7,Alan Bonner,37,M
88198898-4,Madihah Haas,41,M
66199185-2,Roman Thomas,25,F
16008678-5,Rivka Finley,60,M
36625090-5,Dina Herman,22,M
87813399-4,Aubree Ridley,58,F
93900888-8,Lilianna Maxwell,50,M
30862862-0,Sayed Edwards,43,M
43922451-7,Patrik Rollins,45,M
95520055-1,Romilly Becker,24,F
75016224-k,Zayne David,18,F
76591179-6,Charlton Bridges,22,M
87081187-k,Ewan Chadwick,40,M
36081017-8,Ewen Little,49,F
80291272-2,Arjan Mcdermott,26,F
37200573-4,Toby Mcarthur,18,M
56535213-k,Mahi Ross,34,F
77796005-9,Benjamin Shaw,34,F
40350724-5,Laylah Grey,46,F
56499633-5,Dottie Chase,37,M
23526948-1,Bevan Pineda,35,M
86664654-6,Abubakar Gentry,41,M
52916249-9,Tehya Galvan,28,M
62785039-5,Darsh Bloom,45,M
22145359-k,Lucille Wilkerson,39,F
63951440-4,Tj Romero,58,F
97004364-0,Lamar Bailey,49,M
47666047-5,Deanna Wilder,29,M
88730119-0,Tasha Nicholson,58,F
53211068-8,Connor Prosser,35,M
14046488-0,Musab Ayala,19,M
31706054-8,Khushi Mayo,40,F
23298212-8,Ruby-Leigh Gallagher,22,F
57836259-2,Malcolm Plant,20,F
97657967-4,Mahir Nunez,46,F
59814228-9,Gerrard Quintana,57,F
89336201-0,Abbas Emerson,34,M
94432090-3,Anjali Rojas,42,F
92170041-5,Dollie Rivers,45,F
64272663-3,Inigo Castro,32,F
91790173-2,Jeremy Dunn,18,F
45467235-6,Kailum Parry,21,M
99075946-4,Aleena Parra,45,M
96392316-3,Lylah Mcguire,57,M
73342699-3,Lester Beard,60,M
47865441-3,Antonina Guzman,57,M
88772168-8,Hunter Solomon,24,M
87861767-3,Jacob Beech,19,F
41361801-0,Jana Sutton,48,F
31092780-5,Aalia Higgs,46,M
11750224-4,Diesel Hunt,33,M
72070561-3,Jena Field,20,F
51693674-6,Khadija Wells,51,F
92365268-k,Haidar Frank,50,F
55776079-2,Ariya Travis,49,M
83296811-0,Aysha Bone,37,F
23713134-7,Poppie Vang,54,M
70624789-0,Brittney Le,42,M
79425659-4,Nusaybah Fitzgerald,44,F
66258468-1,Kaelan Greenwood,55,F
35662780-6,Neve Carter,23,F
40403791-9,Kodi Higgins,30,F
79480331-5,Grover Vaughn,36,F
86646016-7,Elsie-May Chadwick,42,M
21666289-k,Eren Sargent,35,M
52703981-9,Kareena Salter,46,M
83603309-4,Giacomo Parsons,34,M
47326835-3,Maci Barrett,22,F
49337371-4,Eryk Greene,39,F
87442136-7,Tess Marshall,41,F
48679409-7,Emeli Handley,56,F
36259502-9,Dora Noble,48,F
29646441-4,Tyla Mcneil,50,F
33402225-0,Usman Lara,18,F
95855049-9,Nadir Redman,57,F
51755919-9,Isaak Esparza,41,F
49993665-6,Harriett Ayers,27,M
69141385-3,Isabel Vance,49,M
33481996-5,Joseph Broughton,21,M
68505645-3,Antoinette Schmidt,32,F
47067447-4,Kacper Glenn,42,F
58557550-k,Keenan Ryan,31,F
27650119-4,Iqra Thorne,51,F
18812547-6,Elina Lake,56,F
66625711-1,Balraj Davidson,26,M
52189199-8,Xavier Stuart,42,M
28012525-3,Eleanor Acevedo,30,F
48795285-0,Zainab James,30,M
89321752-5,Corrie Hinton,51,M
35066595-1,Diya Hansen,51,M
42621036-3,River Branch,40,F
66954467-7,Poppy Hartman,50,M
18446690-2,Nimrah Skinner,30,M
65227086-7,Jordan-Lee Norman,50,F
35661237-k,Amiya Craft,36,F
67913619-4,Jacob Gilmore,39,M
83290634-4,Arnav Franklin,30,M
62014673-0,Brayden Grey,52,M
92311983-3,Ophelia O'Doherty,21,M
59517619-0,Romana Woodley,26,M
42655208-6,Eoin Sutherland,35,M
65573855-k,Angharad Hatfield,55,F
62420431-k,Momina Read,37,M
56064569-4,Dean Schneider,45,M
94422835-7,Shivani Long,33,M
35668656-k,Elowen Gillespie,28,M
95437335-5,Ivo Patton,24,M
63532763-4,Beulah Rodriguez,41,F
46680387-1,Ruby-May Bowden,39,F
85297873-2,Kimberley Frost,55,M
88132030-4,Leonie Schofield,42,F
39473167-6,Josh Pittman,25,M
58154631-9,Desiree Webber,33,M
38830395-6,Tyriq Whitmore,58,M
36030482-5,Ashlee Alston,25,F
95667888-9,Ottilie Vega,21,M
97996738-1,Tanisha Weston,32,M
96007294-4,Sohail Huerta,23,F
52176953-k,Kasim Curry,35,M
59332921-6,Elaina Dillon,56,M
23298314-0,Dotty Lees,35,M
31113786-7,Amar Gough,32,F
87991170-2,Garrett Owen,50,F
87631642-0,Clement Johns,42,F
17509928-k,Mehdi Whitaker,33,F
53089483-5,Moesha Mclean,42,M
75523496-6,Miranda Crouch,50,F
87734759-1,Malcolm Mair,47,M
34424260-7,Dominika Mack,21,M
66920820-0,Phebe Paterson,45,M
93057304-3,Issac York,48,F
82673938-k,Akeel Peacock,55,F
14920531-4,Ceara Santana,57,M
96260856-6,Mateusz Sharma,43,M
86103635-9,Violet Mccray,34,M
94384917-k,Archie Rutledge,52,F
47329036-7,Nabeel Barry,29,M
44867899-7,Elliot English,50,F
32690774-k,Awais Vasquez,18,M
10544563-6,Aman Nixon,48,F
28485302-4,Faraz Chapman,60,F
63214394-k,Paulina Milner,55,M
36044904-1,Miyah Trevino,26,M
10206801-7,Amari Field,42,F
34566442-4,Una Kramer,57,M
65238271-1,Willie Dotson,57,M
54230570-3,Lexi-Mai Haigh,44,F
76871405-3,Abigail Coulson,34,M
38204359-6,Digby Glover,52,F
33456182-8,Don Sadler,42,F
75806614-2,Sue Iles,28,F
19844189-9,Keegan Stevens,53,F
70735043-1,Mariyah Spooner,41,M
64221026-2,Brianna Leigh,44,F
50453382-4,Mysha Storey,48,F
87649058-7,Cole Nairn,60,M
75153238-5,Malaikah Burn,29,F
12348490-8,Theresa Robson,21,F
92445451-2,Anastazja Mcdaniel,20,F
49604231-k,Traci Brookes,35,F
35288330-1,Ashlea Alexander,20,F
90870389-8,Dorothy Barclay,39,F
52157315-5,Yuvraj Doyle,21,F
35820841-k,Margot Blevins,28,F
66361406-1,Samuel Wilkerson,54,M
20843742-9,Libbie Jimenez,24,M
78059417-9,Tonya Charles,39,M
98417733-k,Lucy Sutherland,25,F
59170372-2,Sylvia Melendez,47,M
25070905-6,Ariya Mora,18,M
60370162-3,Martha Hulme,27,F
54982068-9,Kylo Hume,29,M
66336340-9,Huw Atherton,46,M
35685353-9,Shawn Brock,41,F
97102977-3,Martyn Parra,38,F
58155861-9,Franco Johnston,18,F
42168093-0,Pharrell Franklin,55,F
59885368-1,Adrianna Khan,37,F
61554580-5,Celia Durham,55,F
66646618-7,Ilyas Randall,43,F
15298663-7,Reagan Schofield,33,F
62778278-0,Tanvir Cortes,20,F
38287473-0,Bayley Melia,34,M
11644968-4,Coen Pena,25,M
97781705-6,Hilary Mair,28,F
80611905-9,Jaeden Bravo,42,M
97343582-5,Philip Turnbull,30,M
79693636-3,Aditya Vance,33,F
69140468-4,Cosmo Bush,56,M
48925896-k,Mysha Weston,53,F
20640357-8,Nicolas Zuniga,50,F
33016426-3,Ibraheem Gamble,45,F
56790702-3,Meerab Short,50,F
45276568-3,Haydn Dillard,52,M
20335324-3,Caprice Mejia,54,M
42226798-0,Gilbert Vang,57,F
43129309-9,Zidan Mcguire,19,M
26905798-k,Finnian Larson,43,F
91119340-k,Tamara Flynn,35,F
77625718-4,Shana Feeney,40,F
81698647-8,Dalton Colon,38,F
15333675-k,Thierry Shaw,21,F
61993529-2,Bronwyn Orozco,43,F
22060310-5,Nikki Pearson,27,M
77520112-6,Presley Dunkley,31,M
75346943-5,Persephone Manning,51,F
62550748-0,Sade Keller,60,M
77814675-4,Brenda Duncan,35,F
64370666-0,Lori Galvan,50,M
28752611-3,Davey Gunn,39,F
74644456-7,Rhyley Justice,34,F
37500745-2,Mohammad Frame,39,M
56119224-3,Nancy Blake,20,F
59919311-1,Danica Fletcher,59,M
11087572-k,Charlene Lambert,19,M
12033288-0,Taliyah Cope,43,M
49891081-5,Nasir Willis,53,F
55705480-4,Akeel Espinosa,32,M
98642893-3,Leoni Smyth,39,F
49255740-4,Emmanuella Prosser,45,M
63360085-6,Thiago Busby,33,M
26257768-6,Jadine Gould,26,F
17474518-8,Hiba Hough,33,M
65884381-8,Liam Ferreira,19,F
47287276-1,Laurie Kelley,48,F
33078552-7,Neil Miller,19,F
48776848-0,Dante Buckner,52,F
16222268-6,Kade Garrett,41,F
95226644-6,Cataleya Beard,22,M
17723136-3,Ivie Stark,30,F
83584289-4,Derry Garcia,55,F
92554015-3,Luciano Sheldon,55,F
48345899-1,Walter Dickinson,18,F
49036882-5,Danyl Henry,42,M
96964691-9,Elliott Robbins,41,F
16775393-0,Saima Ferry,56,F
51242629-8,Nicolle Marshall,35,M
88806288-2,Kiri Fitzpatrick,54,F
57289805-9,Terence Goff,47,F
49860637-7,Sahil Davison,44,M
27844046-k,Loretta Mcconnell,18,M
45504619-k,Jules Wainwright,40,M
73453102-2,Jad Woodcock,44,F
84569598-9,Tyreece Carter,40,M
94688326-3,Aydin Berger,56,M
84078768-0,Elisha Mitchell,39,F
91223172-0,Manraj Pope,56,F
51317447-0,Otto Guest,55,M
78463527-9,Rafi Joyce,35,M
46025545-7,Eren Eastwood,28,F
40424433-7,Trent Delacruz,34,F
68428477-0,Princess Sharp,35,M
28630079-0,Leja Reeves,46,F
63824003-3,Santiago Robles,57,M
58307021-4,Shaunie Naylor,49,F
77983700-9,Isaac Halliday,26,M
57189229-4,Humaira Yoder,35,F
41581842-4,Shivam Frey,56,F
55106753-k,Courtnie Duffy,35,F
19735595-6,Sneha Joseph,58,M
45024924-6,Ella-Louise Tillman,53,M
63884576-8,Antonio Chan,39,F
61262323-6,Aariz Berry,48,M
24129722-5,Spike Kim,40,M
39567466-8,Aizah Castro,44,M
94888169-1,Dolcie Handley,46,M
31642814-2,Gracie-Mae Gilbert,43,F
79195789-3,Elysia Huerta,28,F
56292778-6,Akash Riley,36,M
33670116-3,Jem Bailey,47,F
48040287-1,Jane Fernandez,28,M
14761964-2,Georgina Sargent,46,F
27712443-2,Willie Greig,23,M
51853396-7,Alina Payne,41,F
23711490-6,Tatiana Williams,49,F
53523140-0,Tevin Rosas,39,F
49974632-6,Naseem Schmitt,40,F
95598580-k,Ed Sierra,33,F
49798131-k,Kabir Melendez,34,M
71591727-0,Jakub Huang,50,F
30760014-5,Nelly Butler,26,M
33904341-8,Hope Serrano,26,F
78331019-8,Carson Edmonds,52,M
64903395-1,Jimmy Pratt,43,M
45125749-8,Zayan Solomon,41,F
81498697-7,Fredrick Esparza,51,M
78599189-3,Dominik Butt,53,F
85682952-9,Usman Church,59,M
47738259-2,Zach Hinton,59,F
48425773-6,Lea Atkins,51,F
82645956-5,Amos Santiago,60,M
55956975-5,Rickie Maguire,50,F
99875339-2,Liliana Leal,18,F
29858450-6,Nicole Holland,32,F
74759859-2,Skyla Dorsey,42,M
46012714-9,Huma Phelps,55,F
43630930-9,Richie Petty,28,M
56425505-k,Rabia Pugh,57,M
16239796-6,Owen Drummond,56,F
10165029-4,Keane Hoover,54,M
82809947-7,Jordon Hester,44,M
37492390-0,Samera Macleod,44,M
87544765-3,Margaux Battle,46,F
97901764-2,Huey Leonard,32,F
99294258-4,Nabil Ruiz,50,M
48060937-9,Imani Decker,35,M
85411178-7,Waqas Buchanan,29,F
10959343-5,Zayaan Morrison,22,M
74630833-7,Kianna Flowers,52,F
20909860-1,Milosz Wicks,44,M
23748548-3,Harri Burrows,24,M
25572424-k,David Hubbard,30,F
75653640-0,Saanvi Bernard,38,F
49359132-0,Anabel Montgomery,23,F
50270274-2,Janet Delarosa,60,M
46080300-4,Jerry Delaney,28,M
99265623-9,Fenella Galvan,25,F
75039658-5,Taine Calvert,60,M
79735673-5,Thea Whiteley,49,M
34864642-7,Vikki Bradshaw,47,F
38563658-k,Cruz Winter,40,F
13463271-2,Mollie Fraser,35,M
50109588-5,Saif Bostock,39,F
44126502-6,Maciej Romero,25,F
73352137-6,Hilda Brett,48,M
70156418-9,Hussein Hobbs,27,M
96557795-5,Michele Corbett,23,M
76413818-k,Grady Esquivel,50,F
66119831-1,Ariella Werner,28,M
81600879-4,Vinny Vazquez,21,M
69698793-9,Eamon Conway,53,M
91888069-0,Emme Marriott,58,M
73075290-3,Jae Ali,23,F
95932617-7,Sade Slater,48,F
69402733-4,Kerys Joseph,20,M
67391164-1,Gia Elliott,46,M
81492646-k,Kenny Gaines,23,M
15286948-7,Corban Stacey,53,M
13993032-0,Summer Clements,30,M
10348170-8,Sia Begum,46,F
46088353-9,Rochelle Cain,41,M
20180335-7,Ollie Morrow,42,M
37630974-6,Frederic Brooks,44,F
66540267-3,Aadam Dunlop,55,M
45631604-2,Jareth Castillo,52,F
80885102-4,Alesha Roth,23,M
22587614-2,Khia Kline,33,F
29728267-0,Clayton Golden,27,F
79029236-7,Toni Morris,58,M
95435510-1,Rahul Horne,23,F
61662429-6,Wyatt Stephens,33,F
92931585-5,Dulcie Kearns,52,M
55994808-k,Imogen Wills,22,M
63688364-6,Marianne Mays,47,F
95185947-8,Florrie Pacheco,29,M
84964932-9,Jaidon Gay,52,F
54106148-7,Clay Huynh,18,F
56781936-1,Alisa Carpenter,31,M
99116865-6,Darcie-Mae Hutton,22,M
54178021-1,Tyrese Bishop,29,F
68035652-1,Nyah Croft,52,F
83131309-9,Evie-Grace Hayden,49,M
57078757-8,Katie Yoder,49,M
78166652-1,Ottilie Campos,49,F
32359787-1,Jasper Harvey,54,F
12460058-8,Gabija Norton,32,M
85594953-9,Alexandra Naylor,49,F
35776394-0,Francis Luna,46,F
44171043-7,Mahi Vargas,28,M
24945173-8,Jonny Cortes,43,F
14377401-5,Ari Tomlinson,51,M
54801563-4,Cem Buckley,55,M
61514910-1,Roisin Contreras,22,F
77020926-9,Uma Morales,45,F
21924647-1,Shamima Wormald,44,F
58000701-5,Eleasha Craig,31,M
76160177-6,Caitlyn Mckenzie,37,F
38317707-3,Romilly Heath,24,M
59089616-0,Jordi Thorne,57,F
94123958-7,Malaki Wiggins,37,M
85394005-4,Adela Cordova,37,M
33298524-8,Alys Schwartz,30,F
40588157-8,Jill Baker,57,M
62820832-8,Jad Mercer,20,F
61995722-9,Darla Childs,21,M
60211995-5,Manav Hampton,34,M
51667797-k,Vijay Palacios,52,F
74357811-2,Laith Paul,49,F
76356563-7,Samirah O'Brien,25,F
99837067-1,Charlie Rahman,53,F
28060713-4,Eoin Sosa,54,M
15614052-k,Teddie Leal,34,F
83917354-7,Dillon Reeves,49,F
27852199-0,Alasdair Lucas,56,M
74895468-6,Sabah Skinner,46,M
81559564-5,Harriett Castillo,23,F
63459997-5,Macauley Davison,39,F
45717384-9,Reginald Tanner,36,F
55012555-2,Kacy Stubbs,60,M
22274441-5,Timothy Senior,29,F
33090056-3,Annabelle Stephens,37,M
25342278-5,Codie Sampson,24,F
60574488-5,Quinn Munro,25,F
65855526-k,Ethel Colon,50,M
55326528-2,Haley Bonilla,58,M
31690607-9,Afsana Roth,21,M
13938471-7,Loki Snyder,45,F
12957899-8,Milena Bright,37,M
33572631-6,Oliwia Livingston,29,F
34966889-0,Anne Bray,28,F
47377094-6,Alexandria Garrison,53,M
46187096-1,Awais Berger,39,F
26635765-6,Braiden Hoover,42,M
79446327-1,Charlene Chester,38,M
18969557-8,Simone Akhtar,53,M
21840388-3,Andrea Chen,51,M
69265725-k,Yisroel O'Neill,21,F
47673879-2,Arwen Flores,34,M
33461543-k,Kimora Ridley,28,F
38717290-4,Jayden-James Mckay,49,F
69705129-5,Jeff Lane,21,M
53234460-3,Mary Manning,57,F
58593290-6,Hermione Ventura,58,M
44100123-1,Nataniel Miller,38,F
43776217-1,Agnes Singleton,34,F
59445067-1,Florrie Drew,55,M
70851011-4,Grace O'Moore,31,F
77941465-5,Julia Moses,39,M
53511335-1,Keith Mccall,60,F
60517573-2,Caprice Davies,22,M
53747213-8,Tiffany May,51,F
46491043-3,Herbert Hawes,19,F
73543707-0,Kelise Fraser,45,F
79861684-6,Lacy Simon,41,M
61786224-7,Marianna Barry,20,M
38405094-8,Shay Glass,45,F
70733075-9,Nathanael Carlson,22,M
89200986-4,Campbell Vazquez,31,M
71962392-1,Fariha Barnard,20,M
53329659-9,Subhan Pearce,59,M
78156640-3,Petra Sharp,48,M
69760987-3,Olivia-Mae Carey,47,F
79625227-8,Noah Avalos,31,F
95777850-k,Ira Houston,53,F
34352032-8,Mcauley Robles,48,F
58748811-6,Stanley Soto,26,F
96213302-9,Geoffrey Ellis,26,M
78918085-7,Aviana Nairn,48,M
62832139-6,Anaya Rice,52,M
11091024-k,Teddy Henderson,51,M
29676675-5,Naya Melia,59,F
89793517-1,Lorraine Maxwell,21,M
25198755-6,Ivie Perez,41,M
80588097-k,Riccardo Hamilton,40,F
29989393-6,Tyrique Healy,22,F
30224213-5,Jonathan Turner,33,F
79344858-9,Tierney Mackay,55,M
84729190-7,Corrie Kirkpatrick,57,M
97632703-9,Kimberly Mason,20,M
44770429-3,Darragh Foreman,58,F
63421928-5,Nel Carson,19,M
31459690-0,Zayne Crane,40,M
13904984-5,Lilli Leech,37,F
34183638-7,Adnaan Rowley,34,M
51827744-8,Sian Montgomery,22,F
58496906-7,Arham Johnson,41,M
93066103-1,Josh Fry,34,F
82833215-5,Marwah Wiggins,51,M
60747994-1,John-James Burton,46,M
87772349-6,Kohen Tait,47,M
59444986-k,Adrian Fitzgerald,51,M
34882918-1,Tevin Walter,46,F
49166815-6,Mila Rhodes,58,M
90594532-7,Alix Thatcher,24,F
89025372-5,Judith Stott,38,F
30854312-9,Nabila Byers,25,F
60987426-0,Verity Murray,47,M
41704207-5,Talia Ellwood,26,F
15460166-k,Nicky O'Brien,36,F
96863860-2,Jamie-Lee Cook,40,M
11554909-k,Casper Pruitt,47,F
83118985-1,Millie-Rose Frost,39,M
46962859-0,Ignacy Leblanc,29,M
71075215-k,Marcelina Lowery,33,M
91059844-9,Nyla Paul,42,F
93207016-2,Rhianna Gilliam,47,M
53171533-0,Courtney O'Sullivan,40,F
32628385-1,Rebeca Park,41,M
93840785-1,Lola-Mae Kay,34,M
25368817-3,Makayla Crowther,20,F
25750021-7,Faiz Edmonds,43,M
79758989-6,Cadi Stokes,35,M
99748016-3,Jibril Davie,32,M
53038300-8,Jasper Hicks,41,F
87634133-6,Kara Rivas,49,M
81955785-3,Amanpreet Mata,58,M
18076157-8,Patryk Vang,45,M
14811794-2,Siyana Krueger,38,M
45589350-k,Hailie Kirkpatrick,58,F
22479749-4,Amelia-Rose Nguyen,45,M
80843691-4,Callie Collier,29,M
28738037-2,Owain Rollins,46,M
90471139-k,Abubakar Bowler,25,F
20032612-1,Jean Cullen,54,M
44060880-9,Edward Truong,34,F
44604413-3,Christie Zavala,55,F
48161908-4,Annaliese Rosa,47,M
10669832-5,Bridget Mckee,56,M
22532060-8,Kofi Mcdermott,37,M
10619372-k,Arla Hinton,22,F
34846808-1,Sophia Ryan,35,M
93009498-6,Subhaan Corbett,29,M
17459269-1,Mared Pineda,60,M
48433213-4,Danica Hutchings,23,F
85884715-k,Abbas Gonzales,38,M
83386046-1,Scarlet Banks,25,F
41740767-7,Suhayb Frame,29,F
35785969-7,Imaad Knox,49,F
78479752-k,Carys Conrad,19,M
60854678-2,Heena Valenzuela,55,F
86367440-9,Reyansh Mccormick,29,F
44749202-4,Shahzaib Bellamy,22,F
51093069-k,Ihsan Kelley,42,M
23970806-4,Tyrell Clay,47,M
15373219-1,Kathryn Whiteley,48,F
30680313-1,Chase Horner,27,M
80282829-2,Oliver Fitzpatrick,40,M
23648509-9,Angus Fleming,29,M
72157153-k,Naeem Sharpe,38,M
57728317-6,Javan Wiley,23,M
58303600-8,Sienna Neale,22,M
64651214-k,Korben Hurley,50,M
23819538-1,Julie Hart,48,M
41226633-1,Rafael Cisneros,60,M
86164302-6,Adela Tillman,45,M
32211035-9,Justine Black,23,F
52247620-k,Adam Grant,39,F
46787382-2,Alana Rahman,21,M
70116705-8,Rehaan Dunlop,25,F
30928102-0,Dane Sharma,42,F
33466037-0,Nakita Meza,52,F
63483183-5,Daria Ellison,49,M
34012878-8,Ilyas Puckett,25,F
62425949-1,Raees Livingston,21,F
33199896-6,Kien Christensen,50,M
88697741-7,Kiran Hanna,36,F
67414624-8,Krista Head,33,F
37220030-8,Cleo Aguilar,26,M
85122660-5,Conrad Buchanan,36,F
56485501-4,Arif Thorne,33,F
31793868-3,Sonya Smart,60,F
48176712-1,Milly Olson,21,F
77214559-4,Adyan Wicks,52,M
62196038-5,Danyl Boyer,47,F
20034783-8,Steven Hills,53,F
92898031-6,Fred Salter,31,F
97675067-5,Taine Ireland,34,F
69251591-9,Bella-Rose Cox,45,F
45385992-4,Lillia Hartman,51,F
11544489-1,Ellenor Lara,28,F
58844715-4,Jorgie Power,23,F
75903526-7,Donna Montes,44,F
80698616-k,Mai Regan,35,M
40127235-6,Abdur Heath,41,F
53609901-8,Freya Gross,50,M
63974341-1,Elspeth Rice,55,F
51433500-1,Christopher Macleod,51,M
12815044-7,Bernard Wells,56,M
58976828-0,Myles Nash,52,M
42678415-7,Alyce Kirkpatrick,22,F
63936216-7,Brandi Conroy,33,F
71162268-3,Lester Contreras,51,F
66478458-0,Aria Massey,38,F
49718772-9,Maxime Haigh,18,F
82319208-8,Madeleine Henson,21,F
13690129-k,Arslan Horton,40,M
69135613-2,Jobe Hopper,48,M
57133149-7,Caius Ball,37,F
89265324-0,Naima Perez,40,M
11077126-6,Sulaiman Martin,25,M
21823347-3,Thalia Scott,56,F
37981852-8,Natalya Morgan,34,M
26100581-6,Andrew Santos,22,M
73557956-8,Cora Becker,57,F
26617374-1,Allana Jarvis,52,M
33911863-9,Scarlett Cassidy,49,M
53783913-9,Kyle Aguirre,30,M
43173481-8,David Beach,18,F
80600254-2,Mehak Dawson,55,F
45751112-4,Finnian Waller,18,M
22027409-8,Rupert Ahmed,28,M
56944351-2,Kelly Keenan,34,M
11798235-1,Gage Stafford,59,M
41091494-8,Yahya York,21,M
69777560-9,Tyreece Cohen,43,M
89861491-3,Tanisha Allen,24,F
10254486-2,Amie Fuller,22,F
12166206-k,Anam Mcarthur,44,M
11557739-5,Georga Duffy,47,F
88732812-9,Dante Nava,44,F
54475883-7,Santino Robson,23,F
42162871-8,Roan Stubbs,31,F
62036438-k,Albert Irvine,22,M
86819507-k,Warwick Webber,37,F
61774912-2,Uzma Burris,50,F
12412672-k,Tyreke Gilmore,59,F
64063874-5,Kaylan Huff,31,M
50511840-5,Gene Melton,30,M
70012917-9,Alistair Sanford,59,F
87859472-k,Libbie Camacho,59,F
16836029-0,Dania Love,36,M
68903163-3,Abbi Millington,27,M
50022661-7,Ritchie Rose,29,M
24796080-5,Cooper Draper,21,M
51193594-6,Avani Phan,55,F
30364676-0,Alexis Kearney,22,M
82376572-k,Arnav Shannon,54,M
13068977-9,Evelina Dickerson,46,M
12673702-5,Zayaan Paterson,44,F
45400053-6,Alister Hills,41,M
40644356-6,Kajal Short,27,M
50321392-3,Trystan Wall,44,F
67609462-8,Abubakr Benjamin,59,M
83028620-9,Zackery Sheridan,54,F
89077953-0,Izaan Byrd,22,F
93550420-1,Billie Durham,37,M
58366562-5,Lois Charlton,31,F
47981838-k,Jade Thatcher,30,M
73178495-7,Nafisa Foster,39,F
29950437-9,Cleo Goodwin,49,M
14240870-8,Austin Riddle,24,M
59150917-9,Ines Fountain,34,M
60158787-4,Keeva Allan,37,M
33802463-0,Shelby Holder,54,F
20672410-2,Lara Mcmahon,44,F
75295314-7,Josie Ibarra,47,F
79687907-6,Effie Washington,49,M
70368495-5,Humairaa Knights,19,F
42679613-9,Hina Oneal,18,M
34603233-2,Rayan Mccray,60,M
17286061-3,Kory Hays,29,F
11453035-2,Kerri Herbert,56,F
58963604-k,Ranveer Cope,23,F
82903113-2,Trey Evans,39,M
85778387-5,Aran Osborn,57,F
88104231-2,Arfa Crouch,54,F
44840159-6,Harriette Hubbard,28,F
33874298-3,Annabelle Hester,41,F
22937366-8,Jevan Martins,49,F
18902520-3,Gregg Douglas,55,F
22412109-1,Caspian Potts,43,M
68155764-4,Bryony Henry,37,M
22169359-0,Finnley Orr,23,M
22913410-8,Cayson Branch,30,F
97538963-4,Rhonda Reeve,20,M
41266992-4,Martina Betts,48,F
78459862-4,Kinga Redmond,22,M
26113418-7,Henri Barrett,40,M
63699218-6,Izabella Bate,32,F
86339917-3,Elleanor Kane,23,F
35480818-8,Heath Cruz,44,F
70841109-4,Isabella-Rose Patrick,59,M
81203114-7,Ava Gilbert,21,F
38072383-2,Haris Humphreys,28,M
36692442-6,Darsh Macias,51,F
82429778-9,Alexandra Barrera,51,M
19150492-5,Zubair Benjamin,54,F
22150901-3,Gerrard Ho,47,F
86083776-5,Cerys Clarkson,25,M
56093204-9,Callan Lowe,44,F
66169613-3,Maddox Moon,57,M
20820475-0,Zaine Trujillo,23,M
40597717-6,Jardel Keith,58,M
54451953-0,Fred Sharples,34,F
83640016-k,Catriona Cresswell,36,F
77354291-0,Mysha Firth,22,M
64043694-8,Thea Stephens,58,F
93433032-3,Aleena Maguire,38,F
36706688-1,Evie-Grace Middleton,47,F
26475026-1,Adrienne Lamb,20,F
15369176-2,Bridie Stanley,51,M
33006349-1,Taybah Best,32,F
77785207-8,Enid Flower,56,M
57792927-0,Edmund Whelan,23,F
19142189-2,Carrie-Ann Dickson,59,F
27143992-k,Sara Horn,33,F
19410523-1,Reiss Lutz,29,M
21672114-4,Oran Valdez,40,M
99463426-7,Summer-Louise Strong,31,M
44372095-2,Rhydian Keeling,22,F
80228379-2,Aisling Chaney,51,F
21330792-4,Lulu Sexton,25,M
37184049-4,Elliot Pacheco,30,F
13592940-9,Cem Moss,20,F
36205098-7,Zeshan Mcmillan,23,F
96828461-4,Mahnoor Legge,24,M
17159919-9,Nina Holding,36,F
44822766-9,Hiba Clemons,43,M
61892040-2,Kasim Brooks,59,F
60031280-4,Nakita Kelly,36,F
20600805-9,Hughie Storey,19,M
90739234-1,Keanan Cordova,33,F
59137080-4,Hailie Robertson,58,F
43329730-k,Lily-Rose Wharton,49,F
42354523-2,Presley Mcgowan,44,M
91461351-5,Alister Hartman,58,F
69167855-5,Iris Fowler,25,F
81560843-7,Kailum Caldwell,52,F
72856019-3,Mila-Rose Ramsey,24,F
35656775-7,Julien Sloan,59,F
22566169-3,Yisroel Wheatley,59,F
76563311-7,Tyler-Jay Forster,35,F
22001298-0,Justine Wood,59,F
87548946-1,Rianne Coleman,26,F
22977216-3,Demi-Leigh Byrd,39,M
28353821-4,Eleanor Charlton,47,M
54570173-1,Indigo Liu,42,F
37742604-5,Gavin Jeffery,43,F
71518049-9,Kiera Mccallum,46,M
66398573-6,Nimrah Lowery,31,F
16315937-6,Nichole Savage,28,M
14885951-5,Ellie-Mai Hutton,22,F
30775222-0,Arfa Boyer,39,F
75910499-4,Jacques Carter,41,F
85055980-5,Georga Salinas,51,F
50536630-1,Sylvia Mcfarland,37,M
54122700-8,Samad Neville,32,F
72429091-4,Collette Munro,39,F
75281837-1,Bryce Watt,58,F
32750103-8,Theo Davenport,24,M
56350683-0,Melisa Travis,31,F
10619776-8,Dalia Jefferson,20,F
64269343-3,Johnny Perry,57,F
77366538-9,Gina Cortes,59,F
21875469-4,Margo Stuart,19,F
14002078-8,Gracie-May Patton,29,M
37608219-9,Bree Cleveland,35,F
83330704-5,Clarke Mcloughlin,28,M
57931953-4,Sheila Gilmore,51,M
63382431-2,Bea Mcnally,50,F
98296705-8,Cyrus Fountain,47,F
59495529-3,Lacey Thatcher,23,M
38235761-2,Laith Zimmerman,22,F
65731455-2,Teodor Lim,31,M
38470405-0,Sherri Kearns,46,F
20789297-1,Maiya Villa,48,F
53456223-3,Mack Wallis,38,F
80508950-4,Clodagh Greenaway,44,F
94864113-5,Carter Richards,31,M
36432728-5,Robyn Riddle,28,F
25497638-5,Erika Greene,49,F
48459253-5,Omari Fuller,53,M
17070747-8,Lewis Mcleod,31,M
13890944-1,Elliott Irwin,19,M
82993651-8,Madeleine Stokes,32,F
44380500-1,Vikki Partridge,19,F
50319391-4,Arianna Vazquez,57,F
81602032-8,Campbell Shepherd,51,M
91888493-9,Carley Dixon,46,F
81234956-2,Elizabeth Hopper,26,M
53383454-k,Reya Bruce,52,F
48996426-0,Karter Swan,43,M
99937169-8,Hettie Sweeney,52,M
37839960-2,Sienna Weaver,49,M
31845287-3,Evelyn Duran,51,M
15451762-6,Ava-Mai Spooner,40,F
93635199-9,Amanah Mckay,46,M
73833231-8,Alanis Clark,40,F
46188032-0,Anish Coleman,23,M
97404549-4,Elle Lindsay,37,M
46033111-0,Brandon Rodrigues,55,F
83029887-8,Allison Costa,38,F
37376941-k,Anis Cohen,32,M
18165501-1,Beauden Gilmour,34,M
83635222-k,Jannat O'Moore,46,M
95759065-9,Aanya Foster,31,M
25327705-k,Mylah Long,50,F
82693313-5,Kayden Delarosa,34,M
56474633-9,Fahad Travers,33,M
84911278-3,Samiya Hardin,57,F
64501886-9,Jake Hatfield,19,M
20467855-3,Joseff Peters,33,M
76396643-7,Maisey Alexander,33,M
41545483-k,Lucy Dunlap,22,M
54593722-0,Nathaniel Mcgill,54,M
74269105-5,Layton Sparks,24,F
16689945-1,Jiya Irvine,20,M
92951996-5,Dylan Nicholls,41,M
71180222-3,Sameera Robson,30,M
66185512-6,Kaeden Frazier,56,M
54245196-3,Artur Stokes,30,F
52650167-5,Patrik Dodson,45,F
31194216-6,Marnie Macfarlane,27,F
75981648-k,Daphne Mccallum,29,M
67314332-6,Luther Simon,21,F
79308193-6,Hasan Harrison,45,M
49628420-8,Taiba Richmond,55,F
26135720-8,Olivia-Mae Hicks,32,M
28370900-0,Kurt Sutton,52,M
32219010-7,Reanne Cooke,20,F
14408869-7,Haleemah Baxter,23,F
27183294-k,Codie Galloway,48,M
26249833-6,Lance Weber,20,F
35115737-2,Cai Mcneil,39,F
38578737-5,Cally Hopper,34,F
89213188-0,Sebastien Petersen,53,F
34823992-9,Shane Kelly,43,F
59890575-4,Guto Benitez,43,F
66284985-5,Anees Morse,36,F
93176945-6,Liyah Cooper,22,M
34975310-3,Shahzaib Espinoza,50,F
80558312-6,Suzanna Romero,49,M
88408240-4,Matias Strickland,52,M
68225683-4,Georgiana Yu,56,M
29295221-k,Amritpal Whyte,32,F
22760013-6,Lucien Watkins,54,F
27003910-3,Carter Plummer,28,M
93129167-k,Sabiha O'Quinn,60,F
18067050-5,Tayyibah Mckinney,50,F
89118524-3,Jibril Hall,28,F
71389826-0,Ahsan Flynn,46,M
90007582-0,Jesus Small,52,M
53281073-6,Denise Daniel,40,F
96735305-1,Isabell Hogan,26,M
57829633-6,Ivan Allison,24,M
29803983-4,Melissa Ashley,59,M
22783728-4,Natalya Thorpe,26,M
20694588-5,Anisha Brady,51,F
60038263-2,Zakariyah Williamson,24,F
72611524-9,Nayla Bates,55,F
71796805-0,Aubree Marsden,59,F
14309109-0,Pia Short,52,M
60139069-8,Fatima Traynor,56,F
30991735-9,Imran Senior,40,F
80640357-1,Jose Farrell,39,M
13370165-6,Montgomery Cornish,19,M
73418283-4,Kingsley Goddard,19,F
59060940-4,Chance Barlow,25,M
67170407-k,Chelsy Whitley,27,F
74500563-2,Alfie-James Moyer,55,M
34776869-3,Izabelle Frey,50,F
97754557-9,Bjorn Salazar,35,F
75328775-2,Ruby-Leigh Stevenson,24,M
74361473-9,Theia Parkes,50,F
43123228-6,Kian Branch,37,M
99184175-k,Isla-Mae Calhoun,28,F
12205074-2,Rodney Woodcock,31,M
34996262-4,Derrick Fritz,52,F
88283175-2,Patience Waters,44,M
35773199-2,Miruna Friedman,37,M
94362008-3,Ralphy Phan,28,M
70366259-5,Camron Chaney,50,M
79922398-8,Iram Carroll,60,M
85831418-6,Sallie Wolf,58,F
99223381-8,Lilly-Grace Tucker,53,M
37925650-3,Avneet Pennington,43,F
62422623-2,Connor Weir,44,M
67629255-1,Ainsley Read,25,F
37117213-0,Jaheim William,19,M
36600416-5,Suranne Byrd,46,M
96217495-7,Millie Nava,33,M
18454632-9,Tom Palacios,35,M
57041868-8,Muneeb Huff,53,F
75129314-3,Ziva Langley,47,M
81168161-k,April Peters,50,M
19533896-5,Akash Kendall,35,M
25309713-2,Lily-Anne Barnes,54,M
59105378-7,Ayaan Bass,45,M
83123905-0,Carter Bradshaw,47,M
64268937-1,Zachary Marks,19,F
70202613-k,Ffion Allison,38,M
34048567-k,Fynley Glenn,47,F
14197251-0,Susie Crane,57,F
17167867-6,Dionne Dowling,48,M
95514882-7,Denzel Herrera,39,M
48630167-8,Brandan Mcdougall,42,F
54121962-5,Patryk Enriquez,46,M
66199699-4,Massimo Needham,30,M
65809271-5,Maleeha Rice,60,F
49159506-k,Abdur-Rahman O'Reilly,19,F
21878618-9,Joan Alvarado,49,M
35806868-5,Asma Brook,32,F
96332059-0,Danyl James,31,F
29877385-6,Cecelia Bender,20,M
97166191-7,Abdi Mccoy,24,M
81403585-9,Rhonda Carney,40,F
97985609-1,Willis Herbert,18,F
47591540-2,Bella-Rose Rivers,56,F
67902197-4,Junayd Andersen,43,M
85743167-7,Genevieve Booth,53,F
63214464-4,Bridie Currie,35,F
82270937-0,Samuel Sheridan,20,M
80438756-0,Deen Smyth,48,M
73561428-2,Petra Rigby,21,M
89576450-7,Kacie Stevens,39,M
45644100-9,Shanaya Hewitt,50,F
87371798-k,Kaiya Huerta,45,F
43654491-k,Maiya Tierney,21,M
14200344-9,Linzi Wong,46,F
87094740-2,Amelia-Mae Malone,30,M
66866166-1,Florence Lucero,40,M
90601826-8,Sneha Hagan,56,F
23494123-2,Trey Saunders,57,M
20026905-5,Hester Jeffery,39,F
11341475-8,Theodore Wilkes,38,M
39006777-1,Manisha Mcloughlin,28,F
65175008-3,Mason Ritter,24,M
45856781-6,Roseanne Nguyen,50,F
22825105-4,Jana Byrd,37,M
36918308-7,Orlaith Jones,30,M
26849996-2,Fahad Diaz,34,M
41659296-9,Ivy-Rose Mcclure,54,F
43538788-8,Ricardo Amin,35,F
61127746-6,Alfie-Lee Pruitt,54,F
91995839-1,Ariyah Mckeown,46,M
41234355-7,Raife Cassidy,22,M
31726652-9,Solomon Morton,55,M
88726486-4,Amari Stubbs,24,M
95367461-0,Louie Swan,18,M
20209505-4,Freddie Byrne,39,F
44973013-5,Margaux Cleveland,56,M
84593882-2,Toby Petty,31,M
58038177-4,Mariah Wyatt,27,M
21630671-6,Kirstin Fry,18,F
83605517-9,Toyah Wolfe,24,M
68147125-1,Lily-Mae O'Quinn,58,M
54363208-2,Arissa Webb,49,M
31359212-k,Leanne Weeks,30,M
26541300-5,Mayson Nicholson,60,M
54252672-6,Latoya Powers,39,M
22249624-1,Olivia-Rose Fuentes,48,M
11784418-8,Saqib Mill,57,M
96213582-k,Priya Oneil,39,F
75357089-6,Kaiden Ewing,51,F
54480341-7,Keaton Mccall,50,M
41325900-2,Esme-Rose Wicks,29,M
87244280-4,Kayleigh Finley,31,M
75397524-1,Clayton Mckenna,37,F
72018152-5,Aimie Sears,27,M
98152080-7,Forrest Salt,33,F
44626695-0,Claudia Avery,20,M
74748755-3,Yousef Rutledge,34,F
56744324-8,Alicja Magana,28,F
58191750-3,Arthur Lara,43,F
42814101-6,Adele Douglas,53,M
80308047-k,Musab Valencia,40,M
82254885-7,Thierry Hurley,41,F
29522091-0,Lillie-Rose Stokes,57,F
41071374-8,Marlene Hawes,23,M
76081261-7,Diego Castillo,57,M
12885071-6,Shelbie Moreno,46,M
67753422-2,Deanne Villarreal,38,F
93285177-6,Kajus Garrison,23,F
38895795-6,Alaw Ferrell,57,M
59982206-2,Minahil Kaye,59,M
66658505-4,Quentin Jacobs,49,M
44290962-8,Ruby-May Espinosa,56,M
88495383-9,Tj Moran,59,F
97632307-6,Karina Morgan,49,M
88151779-5,Aryaan Fox,52,M
81783289-k,Ashlyn Rossi,32,F
58332136-5,Jasleen Parker,36,M
28673876-1,Darryl Carlson,57,M
28273728-0,Tye Corrigan,47,M
97355372-0,Maksim Mcmahon,27,M
89477804-0,Jaiden Sampson,18,F
45624249-9,Janine Keller,38,M
66295586-8,Emelia Roche,57,M
20996381-7,Johanna Whelan,49,F
57639262-1,Dominik Wynn,21,F
99108730-3,Isobel Dudley,23,M
70551235-3,Cora Camacho,38,F
39043389-1,Shane Best,39,M
92946711-6,Denis Mann,43,F
52778909-5,Kristen Gallegos,59,M
27161682-1,Roger Woodcock,38,F
50728559-7,Caitlan Whitehouse,30,F
98661210-6,Emillie Frye,34,M
22545748-4,Roberta Rankin,33,F
36750587-7,Louie Harwood,55,F
60727093-7,Kaleem Hill,36,M
46930527-9,Serenity Rossi,29,F
65485230-8,Manisha Stephens,56,F
63953205-4,Sylvia Faulkner,34,F
99347364-2,Jadon Slater,20,M
59129614-0,Maude Arnold,42,M
34349789-k,Eleni Hansen,33,M
20774234-1,Asher Valentine,25,F
89671041-9,Tevin Wright,24,F
69822376-6,Lori Forrest,30,M
59854747-5,Geraint Shaw,19,F
53087333-1,Zunairah Mcgee,45,F
91258242-6,Xander Simmonds,23,M
17341224-k,Calista Cummings,53,F
42113348-4,Lilly-Grace Horn,20,F
56930255-2,Hayden Turnbull,50,M
48333719-1,Ella-May Hayes,21,F
46531952-6,Ayomide Mosley,29,F
49641463-2,Becky Strickland,29,M
58812264-6,Leigha Chavez,36,M
66899113-0,Ellise Bautista,41,M
83469143-4,Milly Rudd,23,F
52158784-9,Irfan Britton,25,M
26240285-1,Fenella Schaefer,33,M
25609460-6,Yasmin Barr,19,F
29381516-k,Marlon Lott,39,M
73290473-5,Dawson Rayner,58,F
75020925-4,Tasmin Crossley,40,M
92386054-1,Izaak Mathis,38,M
38629675-8,Korban Robbins,60,F
37797879-k,Homer Jacobson,42,F
52698782-9,Freddy Simons,29,M
60926655-4,Elissa Schmidt,53,F
58378678-3,Rita Kouma,50,M
85516291-1,Zack Sanderson,27,M
69186141-4,Toby Day,19,F
92244003-4,Amber-Rose Wardle,48,M
74415365-4,Kwabena Stone,37,F
89751595-4,Cheyanne Petersen,37,F
35414863-3,Carolina Gomez,37,M
81881771-1,Piotr Glenn,52,F
88413708-k,Dulcie Shelton,43,M
84891139-9,Akeem Hensley,33,F
79348268-k,Huw Lewis,29,M
60020954-k,Atticus Hussain,45,F
14156767-5,Edna Harper,29,F
91957637-5,Keagan Hope,26,M
76362168-5,Tudor Proctor,58,F
10537138-1,Winston Castro,55,F
29557986-2,Pierce Mora,28,F
53331281-0,Jonah Murphy,24,M
94559048-3,Frances Hartman,56,F
39038168-9,Reece Price,36,M
11904025-6,Chandni Stanton,50,F
25002692-7,Ferne Fritz,45,F
78413522-5,Harlan Goodman,43,M
96251410-3,Elle-May Iles,19,M
13863556-2,Mohamed Mcclain,57,M
29637564-0,Lennox Mcculloch,53,F
87624695-3,Ajwa Daly,60,F
29009046-6,Aleksander Patton,46,M
88538509-5,Saffron Sawyer,52,M
23625905-6,Brendon Denton,44,F
70019535-k,Emile Lopez,39,M
19386119-9,Lisa-Marie Grimes,40,M
62034785-k,Macsen Major,35,M
64367868-3,Ameera Edwards,35,F
45026733-3,Vincenzo Preece,49,F
54746197-5,Hudson Emerson,59,F
25399600-5,Raheel Bonilla,52,F
16943787-4,Che Partridge,39,F
59537115-5,Miyah Rhodes,49,F
40236352-5,Ramone Guzman,38,F
54726514-9,Prisha Spencer,57,M
77191435-7,Maisy Bright,48,M
70638696-3,Kit Adams,27,F
10927357-0,Vickie Clifford,19,F
66976509-6,Ricardo Devine,43,F
63216586-2,Payton Arroyo,24,M
32086803-3,Hadley Acosta,45,F
76762441-7,Belinda Chamberlain,37,M
54676049-9,Jax Hester,24,M
67216197-5,Glenn Curry,18,F
84621982-k,Shahzaib Lester,34,F
47121914-2,Tayyib Davila,47,F
23047484-2,Karol Knights,36,F
73026642-1,Layton Hodge,20,F
34414978-k,Francis Kerr,40,M
87282538-k,Nico Lim,38,M
21016824-9,Akeem Odonnell,20,M
63196577-6,Gino Alston,35,M
59051717-8,Aalia Ball,21,F
59749734-2,Danyal Steele,49,F
37204390-3,Hettie Samuels,47,M
48592540-6,Cari Welch,54,F
79543386-4,Howard Boone,23,M
70433997-6,Roosevelt Charlton,33,F
48553208-0,Spencer Tran,24,F
10339840-1,Pola Finney,25,F
69767927-8,Annaliese Mckinney,30,M
73454838-3,Princess Guest,56,F
34039148-9,Sonnie Pugh,58,F
93591226-1,Lola-Mae Whittaker,58,M
73842540-5,Kirandeep Riggs,25,F
58648727-2,Asmaa Allman,44,M
95656123-k,Kenzo Beech,28,F
88107942-9,Zac Mcgill,40,F
81428035-7,Jorgie Rowland,44,F
46805723-9,Harvie Bonilla,35,F
96371883-7,Samir Daugherty,33,F
92390198-1,Asha Guthrie,19,M
17611254-9,Hamaad Barajas,50,M
56197957-k,Mandeep Vazquez,20,M
78301240-5,Harvey-Lee Burch,22,F
90730270-9,Kamran Santos,20,M
25919808-9,Junior Bryant,24,F
92060023-9,Stefan Allen,57,F
91346186-k,Haidar Moreno,30,M
56405384-8,Shayaan Watkins,19,M
97596735-2,Abid Cross,42,M
32153494-5,Khadija Dalby,43,F
54546935-9,Billie Kaur,38,F
48269008-4,Mimi Harris,49,M
50942616-3,Kierran Stanton,27,M
84327091-3,Isabell Goodwin,40,M
66714421-3,Tiffany Cantu,25,M
48007583-8,Skye Gray,49,F
14585428-8,Lemar Cullen,28,M
25450277-4,Maariya Enriquez,30,M
60456055-1,Ayana Portillo,23,F
90494178-6,Humayra Palacios,32,M
95199785-4,Mea Dorsey,37,M
13947632-8,Ammaar Carty,48,M
29004298-4,Dainton Pratt,24,F
63968995-6,Waleed Aguirre,53,M
75269880-5,Dev Adamson,60,F
42494071-2,Karis Downes,58,F
11123767-0,Annabelle Mullins,35,M
16697747-9,Faheem Bains,42,M
37285914-8,Kaeden Knapp,53,F
79725852-0,Jobe Reyes,26,M
11118739-8,Ilayda Whitehouse,29,F
45273848-1,Nasir Jenkins,19,M
33461512-k,Jonny Newton,50,F
27626683-7,Sabrina Gillespie,47,M
12920124-k,Frances Corrigan,25,F
15955355-8,Yunus Galloway,20,F
14495790-3,Robyn Hyde,55,M
49552236-9,Rebecca Sheehan,56,M
40161573-3,Sakina Stewart,49,M
12969098-4,India Camacho,22,F
41775238-2,Ella-Mai Butt,55,F
52792841-9,Maia Glover,22,F
82533150-6,Aryan Hastings,25,M
38100857-6,Hashir Hendricks,49,F
69691126-6,Yash Wallace,19,F
99302343-4,Harlow Woods,19,M
35155157-7,Ariadne Hibbert,40,F
35340502-0,Miller Fletcher,57,M
95711978-6,Kymani Rahman,49,M
23686910-5,Gaia Pearson,31,F
93129166-1,Ruth Steadman,34,F
98357275-8,Asiya Short,49,M
77484278-0,Amba Crane,36,F
52258791-5,Isaac Fleming,20,F
24927693-6,Haider Hines,19,M
71316667-7,Luca Foley,37,F
37780063-k,Ariyan Patel,32,M
15795964-6,Luqman Marks,21,F
24655915-5,Evan Haas,24,M
36304600-2,Aiden Arnold,36,M
12177977-3,Billy-Joe Ward,22,M
79974368-k,Nathaniel Rivas,37,F
42868972-0,Harry Hood,50,F
25696685-9,Brandy Ponce,41,F
95423202-6,Siyana Ballard,23,M
18984900-1,Musa Myers,27,M
57181678-4,Ace Stephenson,57,F
97163657-2,Ashlyn Finch,31,F
42714709-6,Mikayla Hume,30,F
88667817-7,Nevaeh Gill,46,F
50814284-6,Rahul Finley,36,M
